# rss_monitor start 2026-10-08T22:04:43.1924760+09:00 limit 16 GB interval 30 s
2026-10-08T22:05:13.3011929+09:00 pid 78920 phase_c ws_mb 246 peak_mb 246
2026-10-08T22:05:13.3031930+09:00 pid 101692 r0 ws_mb 17 peak_mb 19
2026-10-08T22:05:43.3390380+09:00 pid 64248 phase_b ws_mb 27 peak_mb 32
2026-10-08T22:05:43.3400718+09:00 pid 78920 phase_c ws_mb 403 peak_mb 403
2026-10-08T22:06:13.3979870+09:00 pid 64248 phase_b ws_mb 21 peak_mb 40
2026-10-08T22:06:13.3989907+09:00 pid 78920 phase_c ws_mb 793 peak_mb 793
2026-10-08T22:06:43.4372014+09:00 pid 64248 phase_b ws_mb 36 peak_mb 63
2026-10-08T22:06:43.4382038+09:00 pid 78920 phase_c ws_mb 1044 peak_mb 1044
2026-10-08T22:07:13.4695021+09:00 pid 64248 phase_b ws_mb 12 peak_mb 67
2026-10-08T22:07:13.4710472+09:00 pid 78920 phase_c ws_mb 1278 peak_mb 1288
2026-10-08T22:07:43.5028109+09:00 pid 64248 phase_b ws_mb 17 peak_mb 67
2026-10-08T22:07:43.5038111+09:00 pid 78920 phase_c ws_mb 1516 peak_mb 1516
2026-10-08T22:08:13.5546075+09:00 pid 64248 phase_b ws_mb 36 peak_mb 69
2026-10-08T22:08:13.5556076+09:00 pid 78920 phase_c ws_mb 1701 peak_mb 1701
2026-10-08T22:08:43.6130964+09:00 pid 64248 phase_b ws_mb 14 peak_mb 69
2026-10-08T22:08:43.6140962+09:00 pid 78920 phase_c ws_mb 1897 peak_mb 1897
2026-10-08T22:09:13.6730271+09:00 pid 64248 phase_b ws_mb 18 peak_mb 69
2026-10-08T22:09:13.6740270+09:00 pid 78920 phase_c ws_mb 52 peak_mb 2001
2026-10-08T22:09:43.7120102+09:00 pid 64248 phase_b ws_mb 34 peak_mb 69
2026-10-08T22:09:43.7131977+09:00 pid 78920 phase_c ws_mb 329 peak_mb 2001
2026-10-08T22:10:13.7485391+09:00 pid 64248 phase_b ws_mb 12 peak_mb 69
2026-10-08T22:10:13.7495395+09:00 pid 78920 phase_c ws_mb 510 peak_mb 2001
2026-10-08T22:10:43.7806249+09:00 pid 64248 phase_b ws_mb 18 peak_mb 69
2026-10-08T22:10:43.7816636+09:00 pid 78920 phase_c ws_mb 886 peak_mb 2001
2026-10-08T22:11:13.8119428+09:00 pid 64248 phase_b ws_mb 37 peak_mb 69
2026-10-08T22:11:13.8129429+09:00 pid 78920 phase_c ws_mb 1139 peak_mb 2001
2026-10-08T22:11:43.8469000+09:00 pid 64248 phase_b ws_mb 24 peak_mb 69
2026-10-08T22:11:43.8481518+09:00 pid 78920 phase_c ws_mb 1370 peak_mb 2001
2026-10-08T22:12:13.8946895+09:00 pid 64248 phase_b ws_mb 21 peak_mb 69
2026-10-08T22:12:13.8957217+09:00 pid 78920 phase_c ws_mb 1575 peak_mb 2001
2026-10-08T22:12:43.9362972+09:00 pid 64248 phase_b ws_mb 37 peak_mb 69
2026-10-08T22:12:43.9368083+09:00 pid 78920 phase_c ws_mb 1776 peak_mb 2001
2026-10-08T22:13:13.9681117+09:00 pid 64248 phase_b ws_mb 23 peak_mb 69
2026-10-08T22:13:13.9691093+09:00 pid 78920 phase_c ws_mb 1982 peak_mb 2001
2026-10-08T22:13:44.0121183+09:00 pid 64248 phase_b ws_mb 47 peak_mb 69
2026-10-08T22:13:44.0131225+09:00 pid 78920 phase_c ws_mb 217 peak_mb 2001
2026-10-08T22:14:14.0453582+09:00 pid 64248 phase_b ws_mb 17 peak_mb 69
2026-10-08T22:14:14.0463614+09:00 pid 78920 phase_c ws_mb 289 peak_mb 2001
2026-10-08T22:14:44.1058009+09:00 pid 64248 phase_b ws_mb 32 peak_mb 72
2026-10-08T22:14:44.1067984+09:00 pid 78920 phase_c ws_mb 736 peak_mb 2001
2026-10-08T22:15:14.1417767+09:00 pid 64248 phase_b ws_mb 54 peak_mb 72
2026-10-08T22:15:14.1430204+09:00 pid 78920 phase_c ws_mb 1032 peak_mb 2001
2026-10-08T22:15:44.1833254+09:00 pid 64248 phase_b ws_mb 18 peak_mb 72
2026-10-08T22:15:44.1843252+09:00 pid 78920 phase_c ws_mb 1326 peak_mb 2001
2026-10-08T22:16:14.2139871+09:00 pid 64248 phase_b ws_mb 32 peak_mb 72
2026-10-08T22:16:14.2149894+09:00 pid 78920 phase_c ws_mb 1554 peak_mb 2001
2026-10-08T22:16:44.2456041+09:00 pid 64248 phase_b ws_mb 60 peak_mb 72
2026-10-08T22:16:44.2461091+09:00 pid 78920 phase_c ws_mb 1772 peak_mb 2001
2026-10-08T22:17:14.2839005+09:00 pid 64248 phase_b ws_mb 16 peak_mb 72
2026-10-08T22:17:14.2844070+09:00 pid 78920 phase_c ws_mb 1987 peak_mb 2001
2026-10-08T22:17:44.3257394+09:00 pid 64248 phase_b ws_mb 32 peak_mb 81
2026-10-08T22:17:44.3267394+09:00 pid 78920 phase_c ws_mb 181 peak_mb 2019
2026-10-08T22:18:14.3686052+09:00 pid 64248 phase_b ws_mb 41 peak_mb 81
2026-10-08T22:18:14.3696054+09:00 pid 78920 phase_c ws_mb 183 peak_mb 2019
2026-10-08T22:18:44.4115101+09:00 pid 64248 phase_b ws_mb 17 peak_mb 81
2026-10-08T22:18:44.4125100+09:00 pid 78920 phase_c ws_mb 671 peak_mb 2019
2026-10-08T22:19:14.4377427+09:00 pid 64248 phase_b ws_mb 32 peak_mb 81
2026-10-08T22:19:14.4391231+09:00 pid 78920 phase_c ws_mb 995 peak_mb 2019
2026-10-08T22:19:44.4828760+09:00 pid 64248 phase_b ws_mb 57 peak_mb 81
2026-10-08T22:19:44.4838775+09:00 pid 78920 phase_c ws_mb 1273 peak_mb 2019
2026-10-08T22:20:14.5264684+09:00 pid 64248 phase_b ws_mb 19 peak_mb 81
2026-10-08T22:20:14.5274679+09:00 pid 78920 phase_c ws_mb 1544 peak_mb 2019
2026-10-08T22:20:44.5669466+09:00 pid 64248 phase_b ws_mb 36 peak_mb 81
2026-10-08T22:20:44.5707639+09:00 pid 78920 phase_c ws_mb 1752 peak_mb 2019
2026-10-08T22:21:14.6027618+09:00 pid 64248 phase_b ws_mb 16 peak_mb 81
2026-10-08T22:21:14.6037621+09:00 pid 78920 phase_c ws_mb 1946 peak_mb 2019
2026-10-08T22:21:44.6357280+09:00 pid 64248 phase_b ws_mb 20 peak_mb 81
2026-10-08T22:21:44.6367280+09:00 pid 78920 phase_c ws_mb 92 peak_mb 2068
2026-10-08T22:22:14.6773113+09:00 pid 64248 phase_b ws_mb 39 peak_mb 81
2026-10-08T22:22:14.6783113+09:00 pid 78920 phase_c ws_mb 341 peak_mb 2068
2026-10-08T22:22:44.7180795+09:00 pid 64248 phase_b ws_mb 18 peak_mb 81
2026-10-08T22:22:44.7190795+09:00 pid 78920 phase_c ws_mb 523 peak_mb 2068
2026-10-08T22:23:14.7393873+09:00 pid 64248 phase_b ws_mb 20 peak_mb 81
2026-10-08T22:23:14.7393873+09:00 pid 78920 phase_c ws_mb 400 peak_mb 2068
2026-10-08T22:23:44.7780107+09:00 pid 64248 phase_b ws_mb 39 peak_mb 81
2026-10-08T22:23:44.7790100+09:00 pid 78920 phase_c ws_mb 835 peak_mb 2068
2026-10-08T22:24:14.8179297+09:00 pid 78920 phase_c ws_mb 1120 peak_mb 2068
2026-10-08T22:24:44.8566280+09:00 pid 78920 phase_c ws_mb 1400 peak_mb 2068
2026-10-08T22:24:44.8584953+09:00 pid 37396 phase_d ws_mb 120 peak_mb 120
2026-10-08T22:25:14.9001902+09:00 pid 78920 phase_c ws_mb 1634 peak_mb 2068
2026-10-08T22:25:14.9011905+09:00 pid 37396 phase_d ws_mb 30 peak_mb 190
2026-10-08T22:25:44.9649937+09:00 pid 78920 phase_c ws_mb 1855 peak_mb 2068
2026-10-08T22:25:44.9659931+09:00 pid 37396 phase_d ws_mb 61 peak_mb 190
2026-10-08T22:26:14.9875822+09:00 pid 78920 phase_c ws_mb 617 peak_mb 2068
2026-10-08T22:26:14.9890861+09:00 pid 37396 phase_d ws_mb 59 peak_mb 190
2026-10-08T22:26:45.0312431+09:00 pid 51660 phase_c ws_mb 235 peak_mb 235
2026-10-08T22:26:45.0322428+09:00 pid 37396 phase_d ws_mb 140 peak_mb 190
2026-10-08T22:27:15.0700348+09:00 pid 51660 phase_c ws_mb 415 peak_mb 415
2026-10-08T22:27:15.0710420+09:00 pid 37396 phase_d ws_mb 196 peak_mb 196
2026-10-08T22:27:45.1135537+09:00 pid 51660 phase_c ws_mb 843 peak_mb 843
2026-10-08T22:27:45.1145587+09:00 pid 37396 phase_d ws_mb 171 peak_mb 226
2026-10-08T22:28:15.1562107+09:00 pid 51660 phase_c ws_mb 1125 peak_mb 1125
2026-10-08T22:28:15.1572107+09:00 pid 37396 phase_d ws_mb 34 peak_mb 302
2026-10-08T22:28:45.1899588+09:00 pid 51660 phase_c ws_mb 1371 peak_mb 1371
2026-10-08T22:28:45.1909588+09:00 pid 37396 phase_d ws_mb 85 peak_mb 302
2026-10-08T22:29:15.2365380+09:00 pid 51660 phase_c ws_mb 1607 peak_mb 1607
2026-10-08T22:29:15.2375382+09:00 pid 37396 phase_d ws_mb 58 peak_mb 302
2026-10-08T22:29:45.2699506+09:00 pid 51660 phase_c ws_mb 1804 peak_mb 1804
2026-10-08T22:29:45.2709477+09:00 pid 37396 phase_d ws_mb 143 peak_mb 302
2026-10-08T22:30:15.3119711+09:00 pid 51660 phase_c ws_mb 2000 peak_mb 2000
2026-10-08T22:30:15.3129738+09:00 pid 37396 phase_d ws_mb 199 peak_mb 302
2026-10-08T22:30:45.3539963+09:00 pid 51660 phase_c ws_mb 59 peak_mb 2043
2026-10-08T22:30:45.3539963+09:00 pid 37396 phase_d ws_mb 58 peak_mb 302
2026-10-08T22:31:15.3862539+09:00 pid 51660 phase_c ws_mb 55 peak_mb 2043
2026-10-08T22:31:15.3872579+09:00 pid 37396 phase_d ws_mb 290 peak_mb 302
2026-10-08T22:31:45.4338145+09:00 pid 51660 phase_c ws_mb 662 peak_mb 2043
2026-10-08T22:31:45.4348157+09:00 pid 37396 phase_d ws_mb 32 peak_mb 374
2026-10-08T22:32:15.4602762+09:00 pid 51660 phase_c ws_mb 1008 peak_mb 2043
2026-10-08T22:32:15.4602762+09:00 pid 37396 phase_d ws_mb 88 peak_mb 374
2026-10-08T22:32:45.4966987+09:00 pid 51660 phase_c ws_mb 1263 peak_mb 2043
2026-10-08T22:32:45.4976987+09:00 pid 37396 phase_d ws_mb 60 peak_mb 374
2026-10-08T22:33:15.5363697+09:00 pid 51660 phase_c ws_mb 1516 peak_mb 2043
2026-10-08T22:33:15.5373731+09:00 pid 37396 phase_d ws_mb 98 peak_mb 374
2026-10-08T22:33:45.5766834+09:00 pid 51660 phase_c ws_mb 1730 peak_mb 2043
2026-10-08T22:33:45.5786859+09:00 pid 37396 phase_d ws_mb 35 peak_mb 374
2026-10-08T22:34:15.6207342+09:00 pid 51660 phase_c ws_mb 1953 peak_mb 2043
2026-10-08T22:34:15.6217345+09:00 pid 37396 phase_d ws_mb 93 peak_mb 374
2026-10-08T22:34:45.6596406+09:00 pid 51660 phase_c ws_mb 50 peak_mb 2114
2026-10-08T22:34:45.6606402+09:00 pid 37396 phase_d ws_mb 107 peak_mb 374
2026-10-08T22:35:15.6964428+09:00 pid 51660 phase_c ws_mb 235 peak_mb 2114
2026-10-08T22:35:15.6979833+09:00 pid 37396 phase_d ws_mb 178 peak_mb 374
2026-10-08T22:35:45.7301655+09:00 pid 51660 phase_c ws_mb 221 peak_mb 2114
2026-10-08T22:35:45.7311704+09:00 pid 37396 phase_d ws_mb 42 peak_mb 374
2026-10-08T22:36:15.7722323+09:00 pid 51660 phase_c ws_mb 701 peak_mb 2114
2026-10-08T22:36:15.7732321+09:00 pid 37396 phase_d ws_mb 102 peak_mb 374
2026-10-08T22:36:45.7964049+09:00 pid 51660 phase_c ws_mb 1026 peak_mb 2114
2026-10-08T22:36:45.7979085+09:00 pid 37396 phase_d ws_mb 132 peak_mb 374
2026-10-08T22:37:15.8503741+09:00 pid 51660 phase_c ws_mb 1281 peak_mb 2114
2026-10-08T22:37:15.8513741+09:00 pid 37396 phase_d ws_mb 180 peak_mb 374
2026-10-08T22:37:45.8854632+09:00 pid 51660 phase_c ws_mb 1520 peak_mb 2114
2026-10-08T22:37:45.8864668+09:00 pid 37396 phase_d ws_mb 35 peak_mb 374
2026-10-08T22:38:15.9245402+09:00 pid 51660 phase_c ws_mb 1712 peak_mb 2114
2026-10-08T22:38:15.9265377+09:00 pid 37396 phase_d ws_mb 104 peak_mb 374
2026-10-08T22:38:45.9609915+09:00 pid 51660 phase_c ws_mb 1929 peak_mb 2114
2026-10-08T22:38:45.9619940+09:00 pid 37396 phase_d ws_mb 129 peak_mb 374
2026-10-08T22:39:15.9914188+09:00 pid 51660 phase_c ws_mb 99 peak_mb 2114
2026-10-08T22:39:15.9924265+09:00 pid 37396 phase_d ws_mb 32 peak_mb 374
2026-10-08T22:39:46.0828519+09:00 pid 51660 phase_c ws_mb 348 peak_mb 2114
2026-10-08T22:39:46.0832223+09:00 pid 37396 phase_d ws_mb 31 peak_mb 374
2026-10-08T22:40:16.1184609+09:00 pid 51660 phase_c ws_mb 526 peak_mb 2114
2026-10-08T22:40:16.1194570+09:00 pid 37396 phase_d ws_mb 36 peak_mb 374
2026-10-08T22:40:46.1516760+09:00 pid 51660 phase_c ws_mb 419 peak_mb 2114
2026-10-08T22:40:46.1526769+09:00 pid 37396 phase_d ws_mb 129 peak_mb 374
2026-10-08T22:41:16.1923625+09:00 pid 51660 phase_c ws_mb 785 peak_mb 2114
2026-10-08T22:41:16.1943617+09:00 pid 37396 phase_d ws_mb 33 peak_mb 374
2026-10-08T22:41:46.2337177+09:00 pid 51660 phase_c ws_mb 1044 peak_mb 2114
2026-10-08T22:41:46.2352203+09:00 pid 37396 phase_d ws_mb 56 peak_mb 374
2026-10-08T22:42:16.2774115+09:00 pid 51660 phase_c ws_mb 1296 peak_mb 2114
2026-10-08T22:42:16.2784115+09:00 pid 37396 phase_d ws_mb 58 peak_mb 374
2026-10-08T22:42:46.3225541+09:00 pid 51660 phase_c ws_mb 1514 peak_mb 2114
2026-10-08T22:42:46.3235517+09:00 pid 37396 phase_d ws_mb 131 peak_mb 374
2026-10-08T22:43:16.3666991+09:00 pid 51660 phase_c ws_mb 1672 peak_mb 2114
2026-10-08T22:43:16.3677024+09:00 pid 37396 phase_d ws_mb 30 peak_mb 374
2026-10-08T22:43:46.4154737+09:00 pid 51660 phase_c ws_mb 1844 peak_mb 2114
2026-10-08T22:43:46.4169829+09:00 pid 37396 phase_d ws_mb 70 peak_mb 374
2026-10-08T22:44:16.4489825+09:00 pid 51660 phase_c ws_mb 2028 peak_mb 2114
2026-10-08T22:44:16.4494962+09:00 pid 37396 phase_d ws_mb 69 peak_mb 374
2026-10-08T22:44:46.4847829+09:00 pid 51660 phase_c ws_mb 2154 peak_mb 2154
2026-10-08T22:44:46.4857799+09:00 pid 37396 phase_d ws_mb 141 peak_mb 374
2026-10-08T22:45:16.5187318+09:00 pid 51660 phase_c ws_mb 2259 peak_mb 2259
2026-10-08T22:45:16.5202317+09:00 pid 37396 phase_d ws_mb 35 peak_mb 374
2026-10-08T22:45:46.5453740+09:00 pid 51660 phase_c ws_mb 2365 peak_mb 2365
2026-10-08T22:45:46.5463739+09:00 pid 37396 phase_d ws_mb 86 peak_mb 374
2026-10-08T22:46:16.6009570+09:00 pid 51660 phase_c ws_mb 2484 peak_mb 2485
2026-10-08T22:46:16.6019574+09:00 pid 37396 phase_d ws_mb 95 peak_mb 374
2026-10-08T22:46:46.6370474+09:00 pid 51660 phase_c ws_mb 2598 peak_mb 2598
2026-10-08T22:46:46.6380504+09:00 pid 37396 phase_d ws_mb 75 peak_mb 374
2026-10-08T22:47:16.6769159+09:00 pid 51660 phase_c ws_mb 2702 peak_mb 2702
2026-10-08T22:47:16.6779160+09:00 pid 37396 phase_d ws_mb 16 peak_mb 374
2026-10-08T22:47:46.7096598+09:00 pid 51660 phase_c ws_mb 2775 peak_mb 2776
2026-10-08T22:47:46.7106599+09:00 pid 37396 phase_d ws_mb 80 peak_mb 374
2026-10-08T22:48:16.7448612+09:00 pid 51660 phase_c ws_mb 2839 peak_mb 2839
2026-10-08T22:48:16.7458609+09:00 pid 37396 phase_d ws_mb 77 peak_mb 374
2026-10-08T22:48:46.7797918+09:00 pid 51660 phase_c ws_mb 2917 peak_mb 2917
2026-10-08T22:48:46.7807954+09:00 pid 37396 phase_d ws_mb 139 peak_mb 374
2026-10-08T22:49:16.8222044+09:00 pid 51660 phase_c ws_mb 2999 peak_mb 2999
2026-10-08T22:49:16.8222044+09:00 pid 37396 phase_d ws_mb 40 peak_mb 374
2026-10-08T22:49:46.8605367+09:00 pid 51660 phase_c ws_mb 3081 peak_mb 3081
2026-10-08T22:49:46.8615884+09:00 pid 37396 phase_d ws_mb 101 peak_mb 374
2026-10-08T22:50:16.8915839+09:00 pid 51660 phase_c ws_mb 3152 peak_mb 3152
2026-10-08T22:50:16.8925840+09:00 pid 37396 phase_d ws_mb 112 peak_mb 374
2026-10-08T22:50:46.9304943+09:00 pid 51660 phase_c ws_mb 3221 peak_mb 3221
2026-10-08T22:50:46.9314943+09:00 pid 37396 phase_d ws_mb 35 peak_mb 374
2026-10-08T22:51:16.9737249+09:00 pid 51660 phase_c ws_mb 3292 peak_mb 3292
2026-10-08T22:51:16.9747261+09:00 pid 37396 phase_d ws_mb 46 peak_mb 374
2026-10-08T22:51:47.0348749+09:00 pid 51660 phase_c ws_mb 3384 peak_mb 3384
2026-10-08T22:51:47.0358747+09:00 pid 37396 phase_d ws_mb 42 peak_mb 374
2026-10-08T22:52:17.0701405+09:00 pid 51660 phase_c ws_mb 3465 peak_mb 3466
2026-10-08T22:52:17.0711408+09:00 pid 37396 phase_d ws_mb 29 peak_mb 374
2026-10-08T22:52:47.1113796+09:00 pid 51660 phase_c ws_mb 3550 peak_mb 3620
2026-10-08T22:52:47.1123793+09:00 pid 37396 phase_d ws_mb 34 peak_mb 374
2026-10-08T22:53:17.1450170+09:00 pid 51660 phase_c ws_mb 3620 peak_mb 3620
2026-10-08T22:53:17.1460170+09:00 pid 37396 phase_d ws_mb 91 peak_mb 374
2026-10-08T22:53:47.1832525+09:00 pid 51660 phase_c ws_mb 3695 peak_mb 3695
2026-10-08T22:53:47.1842501+09:00 pid 37396 phase_d ws_mb 95 peak_mb 374
2026-10-08T22:54:17.2322359+09:00 pid 51660 phase_c ws_mb 3741 peak_mb 3742
2026-10-08T22:54:17.2332335+09:00 pid 37396 phase_d ws_mb 176 peak_mb 374
2026-10-08T22:54:47.2673346+09:00 pid 51660 phase_c ws_mb 3791 peak_mb 3791
2026-10-08T22:54:47.2689106+09:00 pid 37396 phase_d ws_mb 344 peak_mb 374
2026-10-08T22:55:17.3098311+09:00 pid 51660 phase_c ws_mb 3840 peak_mb 3840
2026-10-08T22:55:17.3108307+09:00 pid 37396 phase_d ws_mb 36 peak_mb 401
2026-10-08T22:55:47.3414836+09:00 pid 51660 phase_c ws_mb 3895 peak_mb 3895
2026-10-08T22:55:47.3434999+09:00 pid 37396 phase_d ws_mb 81 peak_mb 401
2026-10-08T22:56:17.3852632+09:00 pid 51660 phase_c ws_mb 3945 peak_mb 3945
2026-10-08T22:56:17.3871242+09:00 pid 117268 phase_e ws_mb 66 peak_mb 66
2026-10-08T22:56:47.4268990+09:00 pid 51660 phase_c ws_mb 4002 peak_mb 4002
2026-10-08T22:56:47.4278976+09:00 pid 117268 phase_e ws_mb 19 peak_mb 132
2026-10-08T22:57:17.4700350+09:00 pid 51660 phase_c ws_mb 4060 peak_mb 4060
2026-10-08T22:57:17.4710337+09:00 pid 117268 phase_e ws_mb 17 peak_mb 132
2026-10-08T22:57:47.5068205+09:00 pid 51660 phase_c ws_mb 4106 peak_mb 4106
2026-10-08T22:57:47.5078201+09:00 pid 117268 phase_e ws_mb 51 peak_mb 132
2026-10-08T22:58:17.5425537+09:00 pid 51660 phase_c ws_mb 4157 peak_mb 4157
2026-10-08T22:58:17.5440595+09:00 pid 117268 phase_e ws_mb 70 peak_mb 135
2026-10-08T22:58:47.5784006+09:00 pid 51660 phase_c ws_mb 4210 peak_mb 4210
2026-10-08T22:58:47.5793974+09:00 pid 117268 phase_e ws_mb 127 peak_mb 135
2026-10-08T22:59:17.6195933+09:00 pid 51660 phase_c ws_mb 4253 peak_mb 4253
2026-10-08T22:59:17.6195933+09:00 pid 117268 phase_e ws_mb 85 peak_mb 135
2026-10-08T22:59:47.6611285+09:00 pid 51660 phase_c ws_mb 4295 peak_mb 4295
2026-10-08T22:59:47.6621291+09:00 pid 117268 phase_e ws_mb 31 peak_mb 135
2026-10-08T23:00:17.7004292+09:00 pid 51660 phase_c ws_mb 4347 peak_mb 4347
2026-10-08T23:00:17.7014293+09:00 pid 117268 phase_e ws_mb 36 peak_mb 135
2026-10-08T23:00:47.7418731+09:00 pid 51660 phase_c ws_mb 4396 peak_mb 4396
2026-10-08T23:00:47.7431092+09:00 pid 117268 phase_e ws_mb 61 peak_mb 137
2026-10-08T23:01:17.8006694+09:00 pid 51660 phase_c ws_mb 4446 peak_mb 4446
2026-10-08T23:01:17.8016724+09:00 pid 117268 phase_e ws_mb 65 peak_mb 137
2026-10-08T23:01:47.8436265+09:00 pid 51660 phase_c ws_mb 4502 peak_mb 4502
2026-10-08T23:01:47.8446261+09:00 pid 117268 phase_e ws_mb 112 peak_mb 137
2026-10-08T23:02:17.8877843+09:00 pid 51660 phase_c ws_mb 4533 peak_mb 4533
2026-10-08T23:02:17.8887900+09:00 pid 117268 phase_e ws_mb 30 peak_mb 137
2026-10-08T23:02:47.9219017+09:00 pid 51660 phase_c ws_mb 4578 peak_mb 4578
2026-10-08T23:02:47.9229062+09:00 pid 117268 phase_e ws_mb 68 peak_mb 137
2026-10-08T23:03:17.9503546+09:00 pid 51660 phase_c ws_mb 4635 peak_mb 4635
2026-10-08T23:03:17.9513547+09:00 pid 117268 phase_e ws_mb 45 peak_mb 137
2026-10-08T23:03:47.9951447+09:00 pid 51660 phase_c ws_mb 4679 peak_mb 4679
2026-10-08T23:03:47.9961488+09:00 pid 117268 phase_e ws_mb 55 peak_mb 137
2026-10-08T23:04:18.0272566+09:00 pid 51660 phase_c ws_mb 4730 peak_mb 4730
2026-10-08T23:04:18.0272566+09:00 pid 117268 phase_e ws_mb 109 peak_mb 137
2026-10-08T23:04:48.0594103+09:00 pid 51660 phase_c ws_mb 3074 peak_mb 4751
2026-10-08T23:04:48.0604103+09:00 pid 117268 phase_e ws_mb 31 peak_mb 137
2026-10-08T23:05:18.1015461+09:00 pid 51660 phase_c ws_mb 196 peak_mb 4751
2026-10-08T23:05:18.1025472+09:00 pid 117268 phase_e ws_mb 59 peak_mb 137
2026-10-08T23:05:48.1408740+09:00 pid 51660 phase_c ws_mb 124 peak_mb 4751
2026-10-08T23:05:48.1418811+09:00 pid 66676 phase_f ws_mb 78 peak_mb 78
2026-10-08T23:06:18.1789314+09:00 pid 51660 phase_c ws_mb 636 peak_mb 4751
2026-10-08T23:06:18.1804464+09:00 pid 66676 phase_f ws_mb 20 peak_mb 91
2026-10-08T23:06:48.2307763+09:00 pid 51660 phase_c ws_mb 954 peak_mb 4751
2026-10-08T23:06:48.2317756+09:00 pid 66676 phase_f ws_mb 25 peak_mb 94
2026-10-08T23:07:18.2787328+09:00 pid 51660 phase_c ws_mb 1174 peak_mb 4751
2026-10-08T23:07:18.2797331+09:00 pid 66676 phase_f ws_mb 67 peak_mb 94
2026-10-08T23:07:48.3161095+09:00 pid 51660 phase_c ws_mb 1404 peak_mb 4751
2026-10-08T23:07:48.3171066+09:00 pid 66676 phase_f ws_mb 33 peak_mb 94
2026-10-08T23:08:18.3530926+09:00 pid 51660 phase_c ws_mb 1597 peak_mb 4751
2026-10-08T23:08:18.3540911+09:00 pid 66676 phase_f ws_mb 38 peak_mb 94
2026-10-08T23:08:48.3895204+09:00 pid 51660 phase_c ws_mb 1751 peak_mb 4751
2026-10-08T23:08:48.3915278+09:00 pid 66676 phase_f ws_mb 30 peak_mb 99
2026-10-08T23:09:18.4265906+09:00 pid 51660 phase_c ws_mb 1938 peak_mb 4751
2026-10-08T23:09:18.4275934+09:00 pid 66676 phase_f ws_mb 10 peak_mb 99
2026-10-08T23:09:48.4520987+09:00 pid 80072 phase_c ws_mb 49 peak_mb 86
2026-10-08T23:09:48.4530988+09:00 pid 66676 phase_f ws_mb 50 peak_mb 99
2026-10-08T23:10:18.4943502+09:00 pid 80072 phase_c ws_mb 267 peak_mb 267
2026-10-08T23:10:18.4953526+09:00 pid 66676 phase_f ws_mb 88 peak_mb 99
2026-10-08T23:10:48.5279510+09:00 pid 80072 phase_c ws_mb 324 peak_mb 328
2026-10-08T23:10:48.5289511+09:00 pid 66676 phase_f ws_mb 38 peak_mb 99
2026-10-08T23:11:18.5657251+09:00 pid 80072 phase_c ws_mb 720 peak_mb 720
2026-10-08T23:11:18.5667251+09:00 pid 66676 phase_f ws_mb 31 peak_mb 99
2026-10-08T23:11:48.6043277+09:00 pid 80072 phase_c ws_mb 988 peak_mb 988
2026-10-08T23:11:48.6053330+09:00 pid 66676 phase_f ws_mb 18 peak_mb 99
2026-10-08T23:12:18.6467662+09:00 pid 80072 phase_c ws_mb 1201 peak_mb 1201
2026-10-08T23:12:18.6467662+09:00 pid 66676 phase_f ws_mb 51 peak_mb 99
2026-10-08T23:12:48.6705755+09:00 pid 80072 phase_c ws_mb 1401 peak_mb 1401
2026-10-08T23:12:48.6715753+09:00 pid 66676 phase_f ws_mb 71 peak_mb 99
2026-10-08T23:13:18.7432339+09:00 pid 80072 phase_c ws_mb 1561 peak_mb 1561
2026-10-08T23:13:18.7442336+09:00 pid 66676 phase_f ws_mb 18 peak_mb 99
2026-10-08T23:13:48.7757723+09:00 pid 80072 phase_c ws_mb 1734 peak_mb 1735
2026-10-08T23:13:48.7767687+09:00 pid 66676 phase_f ws_mb 23 peak_mb 99
2026-10-08T23:14:18.8132841+09:00 pid 80072 phase_c ws_mb 1889 peak_mb 1889
2026-10-08T23:14:18.8142842+09:00 pid 66676 phase_f ws_mb 60 peak_mb 99
2026-10-08T23:14:48.8517832+09:00 pid 80072 phase_c ws_mb 99 peak_mb 1941
2026-10-08T23:14:48.8517832+09:00 pid 66676 phase_f ws_mb 12 peak_mb 99
2026-10-08T23:15:18.8836338+09:00 pid 80072 phase_c ws_mb 301 peak_mb 1941
2026-10-08T23:15:18.8842472+09:00 pid 80280 phase_f ws_mb 22 peak_mb 26
2026-10-08T23:15:48.9295004+09:00 pid 80072 phase_c ws_mb 387 peak_mb 1941
2026-10-08T23:15:48.9311419+09:00 pid 80280 phase_f ws_mb 27 peak_mb 92
2026-10-08T23:16:18.9691006+09:00 pid 80072 phase_c ws_mb 749 peak_mb 1941
2026-10-08T23:16:18.9701060+09:00 pid 80280 phase_f ws_mb 13 peak_mb 93
2026-10-08T23:16:49.0259314+09:00 pid 80072 phase_c ws_mb 1018 peak_mb 1941
2026-10-08T23:16:49.0269710+09:00 pid 80280 phase_f ws_mb 44 peak_mb 96
2026-10-08T23:17:19.0686440+09:00 pid 80072 phase_c ws_mb 1251 peak_mb 1941
2026-10-08T23:17:19.0696436+09:00 pid 80280 phase_f ws_mb 69 peak_mb 96
2026-10-08T23:17:49.1062255+09:00 pid 80072 phase_c ws_mb 1481 peak_mb 1941
2026-10-08T23:17:49.1069651+09:00 pid 80280 phase_f ws_mb 10 peak_mb 96
2026-10-08T23:18:19.1494687+09:00 pid 80072 phase_c ws_mb 1662 peak_mb 1941
2026-10-08T23:18:19.1494687+09:00 pid 80280 phase_f ws_mb 14 peak_mb 96
2026-10-08T23:18:49.1851425+09:00 pid 80072 phase_c ws_mb 1821 peak_mb 1941
2026-10-08T23:18:49.1856572+09:00 pid 80280 phase_f ws_mb 21 peak_mb 96
2026-10-08T23:19:19.2368841+09:00 pid 80072 phase_c ws_mb 2002 peak_mb 2002
2026-10-08T23:19:19.2379351+09:00 pid 80280 phase_f ws_mb 62 peak_mb 96
2026-10-08T23:19:49.2724162+09:00 pid 80072 phase_c ws_mb 33 peak_mb 2146
2026-10-08T23:19:49.2734598+09:00 pid 80280 phase_f ws_mb 41 peak_mb 96
2026-10-08T23:20:19.3033973+09:00 pid 80072 phase_c ws_mb 217 peak_mb 2146
2026-10-08T23:20:19.3044423+09:00 pid 80280 phase_f ws_mb 87 peak_mb 96
2026-10-08T23:20:49.3476430+09:00 pid 80072 phase_c ws_mb 143 peak_mb 2146
2026-10-08T23:20:49.3476430+09:00 pid 80280 phase_f ws_mb 39 peak_mb 96
2026-10-08T23:21:19.3823279+09:00 pid 80072 phase_c ws_mb 595 peak_mb 2146
2026-10-08T23:21:19.3835055+09:00 pid 80280 phase_f ws_mb 17 peak_mb 96
2026-10-08T23:21:49.4283552+09:00 pid 80072 phase_c ws_mb 924 peak_mb 2146
2026-10-08T23:21:49.4293581+09:00 pid 80280 phase_f ws_mb 28 peak_mb 96
2026-10-08T23:22:19.4974203+09:00 pid 80072 phase_c ws_mb 1136 peak_mb 2146
2026-10-08T23:22:19.4984947+09:00 pid 80280 phase_f ws_mb 10 peak_mb 96
2026-10-08T23:22:49.5446024+09:00 pid 80072 phase_c ws_mb 1382 peak_mb 2146
2026-10-08T23:22:49.5456026+09:00 pid 80280 phase_f ws_mb 51 peak_mb 96
2026-10-08T23:23:19.5910572+09:00 pid 80072 phase_c ws_mb 1558 peak_mb 2146
2026-10-08T23:23:19.5925605+09:00 pid 80280 phase_f ws_mb 19 peak_mb 96
2026-10-08T23:23:49.6350344+09:00 pid 80072 phase_c ws_mb 1732 peak_mb 2146
2026-10-08T23:23:49.6350344+09:00 pid 80280 phase_f ws_mb 41 peak_mb 96
2026-10-08T23:24:19.6709100+09:00 pid 80072 phase_c ws_mb 1930 peak_mb 2146
2026-10-08T23:24:49.7031427+09:00 pid 80072 phase_c ws_mb 131 peak_mb 2146
2026-10-08T23:25:19.7350402+09:00 pid 80072 phase_c ws_mb 86 peak_mb 2146
2026-10-08T23:25:49.7847509+09:00 pid 80072 phase_c ws_mb 555 peak_mb 2146
2026-10-08T23:26:19.8127220+09:00 pid 80072 phase_c ws_mb 879 peak_mb 2146
2026-10-08T23:26:49.8479020+09:00 pid 80072 phase_c ws_mb 1113 peak_mb 2146
2026-10-08T23:27:19.8728737+09:00 pid 80072 phase_c ws_mb 1342 peak_mb 2146
2026-10-08T23:27:49.9000588+09:00 pid 80072 phase_c ws_mb 1547 peak_mb 2146
2026-10-08T23:28:19.9302942+09:00 pid 80072 phase_c ws_mb 1716 peak_mb 2146
2026-10-08T23:28:49.9829470+09:00 pid 80072 phase_c ws_mb 1881 peak_mb 2146
2026-10-08T23:29:20.0157811+09:00 pid 80072 phase_c ws_mb 86 peak_mb 2146
2026-10-08T23:29:50.0549376+09:00 pid 80072 phase_c ws_mb 319 peak_mb 2146
2026-10-08T23:30:20.0934505+09:00 pid 80072 phase_c ws_mb 505 peak_mb 2146
2026-10-08T23:30:50.1336576+09:00 pid 80072 phase_c ws_mb 273 peak_mb 2146
2026-10-08T23:31:20.1965088+09:00 pid 80072 phase_c ws_mb 699 peak_mb 2146
2026-10-08T23:31:50.2341781+09:00 pid 80072 phase_c ws_mb 996 peak_mb 2146
2026-10-08T23:32:20.2644287+09:00 pid 80072 phase_c ws_mb 1231 peak_mb 2146
2026-10-08T23:32:50.2999885+09:00 pid 80072 phase_c ws_mb 1450 peak_mb 2146
2026-10-08T23:33:20.3326655+09:00 pid 80072 phase_c ws_mb 1616 peak_mb 2146
2026-10-08T23:33:50.3834208+09:00 pid 80072 phase_c ws_mb 1813 peak_mb 2146
2026-10-08T23:34:20.4128827+09:00 pid 83656 phase_g ws_mb 267 peak_mb 267
2026-10-08T23:34:50.4508065+09:00 pid 83656 phase_g ws_mb 802 peak_mb 802
2026-10-08T23:35:20.4912524+09:00 pid 83656 phase_g ws_mb 1180 peak_mb 1199
2026-10-08T23:35:50.5254153+09:00 pid 83656 phase_g ws_mb 1464 peak_mb 1464
2026-10-08T23:36:20.5818817+09:00 pid 83656 phase_g ws_mb 1729 peak_mb 1729
2026-10-08T23:36:50.6133626+09:00 pid 83656 phase_g ws_mb 1974 peak_mb 1975
2026-10-08T23:37:20.6493418+09:00 pid 83656 phase_g ws_mb 2196 peak_mb 2196
2026-10-08T23:37:50.6839423+09:00 pid 83656 phase_g ws_mb 2417 peak_mb 2417
2026-10-08T23:38:20.7119906+09:00 pid 83656 phase_g ws_mb 345 peak_mb 2515
2026-10-08T23:38:50.7473280+09:00 pid 83656 phase_g ws_mb 887 peak_mb 2515
2026-10-08T23:39:20.8017344+09:00 pid 83656 phase_g ws_mb 1240 peak_mb 2515
2026-10-08T23:39:50.8396614+09:00 pid 83656 phase_g ws_mb 1510 peak_mb 2515
2026-10-08T23:40:20.8809050+09:00 pid 83656 phase_g ws_mb 1759 peak_mb 2515
2026-10-08T23:40:50.9092325+09:00 pid 83656 phase_g ws_mb 1996 peak_mb 2515
2026-10-08T23:41:20.9457865+09:00 pid 83656 phase_g ws_mb 2240 peak_mb 2515
2026-10-08T23:41:50.9847206+09:00 pid 83656 phase_g ws_mb 2512 peak_mb 2515
2026-10-08T23:42:21.0179475+09:00 pid 83656 phase_g ws_mb 2722 peak_mb 2722
2026-10-08T23:42:51.0665382+09:00 pid 83656 phase_g ws_mb 2929 peak_mb 3096
2026-10-08T23:43:21.0979467+09:00 pid 83656 phase_g ws_mb 3089 peak_mb 3096
2026-10-08T23:43:51.1246870+09:00 pid 83656 phase_g ws_mb 3315 peak_mb 3315
2026-10-08T23:44:21.1636954+09:00 pid 83656 phase_g ws_mb 3550 peak_mb 3550
2026-10-08T23:44:51.1916574+09:00 pid 83656 phase_g ws_mb 3692 peak_mb 3694
2026-10-08T23:45:21.2313656+09:00 pid 83656 phase_g ws_mb 248 peak_mb 3717
2026-10-08T23:45:51.2978926+09:00 pid 83656 phase_g ws_mb 683 peak_mb 3717
2026-10-08T23:46:21.3264875+09:00 pid 83656 phase_g ws_mb 1091 peak_mb 3717
2026-10-08T23:46:51.3591691+09:00 pid 83656 phase_g ws_mb 1377 peak_mb 3717
2026-10-08T23:47:21.4035385+09:00 pid 83656 phase_g ws_mb 1649 peak_mb 3717
2026-10-08T23:47:51.4374769+09:00 pid 83656 phase_g ws_mb 1919 peak_mb 3717
2026-10-08T23:48:21.4671555+09:00 pid 83656 phase_g ws_mb 2105 peak_mb 3717
2026-10-08T23:48:51.5041330+09:00 pid 83656 phase_g ws_mb 2295 peak_mb 3717
2026-10-08T23:49:21.5511049+09:00 pid 83656 phase_g ws_mb 2498 peak_mb 3717
2026-10-08T23:49:51.5906733+09:00 pid 83656 phase_g ws_mb 660 peak_mb 3717
2026-10-08T23:50:21.6328298+09:00 pid 83656 phase_g ws_mb 1052 peak_mb 3717
2026-10-08T23:50:51.6714240+09:00 pid 83656 phase_g ws_mb 1372 peak_mb 3717
2026-10-08T23:51:21.7093388+09:00 pid 83656 phase_g ws_mb 1608 peak_mb 3717
2026-10-08T23:51:51.7364334+09:00 pid 83656 phase_g ws_mb 1852 peak_mb 3717
2026-10-08T23:52:21.7874458+09:00 pid 83656 phase_g ws_mb 2097 peak_mb 3717
2026-10-08T23:52:51.8159947+09:00 pid 83656 phase_g ws_mb 2370 peak_mb 3717
2026-10-08T23:53:21.8524597+09:00 pid 83656 phase_g ws_mb 2590 peak_mb 3717
2026-10-08T23:53:51.8897752+09:00 pid 83656 phase_g ws_mb 2760 peak_mb 3717
2026-10-08T23:54:21.9179032+09:00 pid 83656 phase_g ws_mb 2927 peak_mb 3717
2026-10-08T23:54:51.9681270+09:00 pid 83656 phase_g ws_mb 3133 peak_mb 3717
2026-10-08T23:55:22.0074641+09:00 pid 83656 phase_g ws_mb 3366 peak_mb 3717
2026-10-08T23:55:52.0474829+09:00 pid 83656 phase_g ws_mb 3537 peak_mb 3717
2026-10-08T23:56:22.0874058+09:00 pid 83656 phase_g ws_mb 242 peak_mb 3717
2026-10-08T23:56:52.1271902+09:00 pid 83656 phase_g ws_mb 587 peak_mb 3717
2026-10-08T23:57:22.1662888+09:00 pid 83656 phase_g ws_mb 1003 peak_mb 3717
2026-10-08T23:57:52.2121384+09:00 pid 83656 phase_g ws_mb 1308 peak_mb 3717
2026-10-08T23:58:22.2457084+09:00 pid 83656 phase_g ws_mb 1628 peak_mb 3717
2026-10-08T23:58:52.2928123+09:00 pid 83656 phase_g ws_mb 1909 peak_mb 3717
2026-10-08T23:59:22.3270443+09:00 pid 83656 phase_g ws_mb 2103 peak_mb 3717
2026-10-08T23:59:52.3679321+09:00 pid 83656 phase_g ws_mb 2332 peak_mb 3717
2026-10-09T00:00:22.4016688+09:00 pid 83656 phase_g ws_mb 2560 peak_mb 3717
2026-10-09T00:00:52.4322416+09:00 pid 83656 phase_g ws_mb 684 peak_mb 3717
2026-10-09T00:01:22.4851430+09:00 pid 83656 phase_g ws_mb 1074 peak_mb 3717
2026-10-09T00:01:52.5161543+09:00 pid 83656 phase_g ws_mb 1402 peak_mb 3717
2026-10-09T00:02:22.5554679+09:00 pid 83656 phase_g ws_mb 1662 peak_mb 3717
2026-10-09T00:02:52.5931012+09:00 pid 83656 phase_g ws_mb 1906 peak_mb 3717
2026-10-09T00:03:22.6318642+09:00 pid 83656 phase_g ws_mb 2130 peak_mb 3717
2026-10-09T00:03:52.6614247+09:00 pid 83656 phase_g ws_mb 2373 peak_mb 3717
2026-10-09T00:04:22.7226571+09:00 pid 83656 phase_g ws_mb 2645 peak_mb 3717
2026-10-09T00:04:52.7613946+09:00 pid 83656 phase_g ws_mb 2813 peak_mb 3717
2026-10-09T00:05:22.7921694+09:00 pid 83656 phase_g ws_mb 2985 peak_mb 3717
2026-10-09T00:05:52.8319868+09:00 pid 83656 phase_g ws_mb 3165 peak_mb 3717
2026-10-09T00:06:22.8570200+09:00 pid 83656 phase_g ws_mb 3354 peak_mb 3717
2026-10-09T00:06:52.8890454+09:00 pid 83656 phase_g ws_mb 3551 peak_mb 3717
2026-10-09T00:07:22.9245764+09:00 pid 83656 phase_g ws_mb 3654 peak_mb 3717
2026-10-09T00:07:52.9664803+09:00 pid 83656 phase_g ws_mb 198 peak_mb 3717
2026-10-09T00:08:23.0176742+09:00 pid 83656 phase_g ws_mb 757 peak_mb 3717
2026-10-09T00:08:53.0577211+09:00 pid 83656 phase_g ws_mb 1155 peak_mb 3717
2026-10-09T00:09:23.0974140+09:00 pid 83656 phase_g ws_mb 1413 peak_mb 3717
2026-10-09T00:09:53.1317316+09:00 pid 83656 phase_g ws_mb 1681 peak_mb 3717
2026-10-09T00:10:23.1666215+09:00 pid 83656 phase_g ws_mb 1951 peak_mb 3717
2026-10-09T00:10:53.2209802+09:00 pid 83656 phase_g ws_mb 2157 peak_mb 3717
2026-10-09T00:11:23.2529328+09:00 pid 83656 phase_g ws_mb 2358 peak_mb 3717
2026-10-09T00:11:53.2955221+09:00 pid 83656 phase_g ws_mb 2375 peak_mb 3717
2026-10-09T00:12:23.3293453+09:00 pid 83656 phase_g ws_mb 713 peak_mb 3717
2026-10-09T00:12:53.3671087+09:00 pid 83656 phase_g ws_mb 1154 peak_mb 3717
2026-10-09T00:13:23.3979305+09:00 pid 83656 phase_g ws_mb 1502 peak_mb 3717
2026-10-09T00:13:53.4589960+09:00 pid 83656 phase_g ws_mb 1744 peak_mb 3717
2026-10-09T00:14:23.5039350+09:00 pid 83656 phase_g ws_mb 1988 peak_mb 3717
2026-10-09T00:14:53.5471349+09:00 pid 83656 phase_g ws_mb 2283 peak_mb 3717
2026-10-09T00:15:23.5835736+09:00 pid 83656 phase_g ws_mb 2552 peak_mb 3717
2026-10-09T00:15:53.6170280+09:00 pid 83656 phase_g ws_mb 2748 peak_mb 3717
2026-10-09T00:16:23.6402609+09:00 pid 83656 phase_g ws_mb 2943 peak_mb 3717
2026-10-09T00:16:53.6847104+09:00 pid 83656 phase_g ws_mb 3143 peak_mb 3717
2026-10-09T00:17:23.7345044+09:00 pid 83656 phase_g ws_mb 3341 peak_mb 3717
2026-10-09T00:17:53.7722320+09:00 pid 83656 phase_g ws_mb 3579 peak_mb 3717
2026-10-09T00:18:23.8174859+09:00 pid 83656 phase_g ws_mb 3405 peak_mb 3717
2026-10-09T00:18:53.8511409+09:00 pid 83656 phase_g ws_mb 274 peak_mb 3717
2026-10-09T00:19:23.8790030+09:00 pid 83656 phase_g ws_mb 823 peak_mb 3717
2026-10-09T00:19:53.9232845+09:00 pid 83656 phase_g ws_mb 1213 peak_mb 3717
2026-10-09T00:20:23.9594208+09:00 pid 83656 phase_g ws_mb 1533 peak_mb 3717
2026-10-09T00:20:53.9913585+09:00 pid 83656 phase_g ws_mb 1821 peak_mb 3717
2026-10-09T00:21:24.0271385+09:00 pid 83656 phase_g ws_mb 2068 peak_mb 3717
2026-10-09T00:21:54.0698042+09:00 pid 83656 phase_g ws_mb 2301 peak_mb 3717
2026-10-09T00:22:24.1053335+09:00 pid 83656 phase_g ws_mb 2321 peak_mb 3717
2026-10-09T00:22:54.1797838+09:00 pid 83656 phase_g ws_mb 674 peak_mb 3717
2026-10-09T00:23:24.2094321+09:00 pid 83656 phase_g ws_mb 1100 peak_mb 3717
2026-10-09T00:23:54.2534544+09:00 pid 83656 phase_g ws_mb 1437 peak_mb 3717
2026-10-09T00:24:24.2865838+09:00 pid 83656 phase_g ws_mb 1670 peak_mb 3717
2026-10-09T00:24:54.3280852+09:00 pid 83656 phase_g ws_mb 1876 peak_mb 3717
2026-10-09T00:25:24.3700420+09:00 pid 83656 phase_g ws_mb 2063 peak_mb 3717
2026-10-09T00:25:54.4172454+09:00 pid 83656 phase_g ws_mb 2297 peak_mb 3717
2026-10-09T00:26:24.4619889+09:00 pid 83656 phase_g ws_mb 2527 peak_mb 3717
2026-10-09T00:26:54.4988550+09:00 pid 83656 phase_g ws_mb 2727 peak_mb 3717
2026-10-09T00:27:24.5410243+09:00 pid 83656 phase_g ws_mb 2880 peak_mb 3717
2026-10-09T00:27:54.5755290+09:00 pid 83656 phase_g ws_mb 3050 peak_mb 3717
2026-10-09T00:28:24.6109753+09:00 pid 83656 phase_g ws_mb 3248 peak_mb 3717
2026-10-09T00:28:54.6528336+09:00 pid 83656 phase_g ws_mb 3443 peak_mb 3717
2026-10-09T00:29:24.6902550+09:00 pid 83656 phase_g ws_mb 3617 peak_mb 3717
2026-10-09T00:29:54.7340589+09:00 pid 83656 phase_g ws_mb 3733 peak_mb 3734
2026-10-09T00:30:24.7827538+09:00 pid 83656 phase_g ws_mb 262 peak_mb 3744
2026-10-09T00:30:54.8161841+09:00 pid 20860 phase_g ws_mb 665 peak_mb 665
2026-10-09T00:31:24.8567300+09:00 pid 20860 phase_g ws_mb 1029 peak_mb 1029
2026-10-09T00:31:54.9163415+09:00 pid 20860 phase_g ws_mb 1312 peak_mb 1312
2026-10-09T00:32:24.9491249+09:00 pid 20860 phase_g ws_mb 1618 peak_mb 1618
2026-10-09T00:32:54.9967391+09:00 pid 20860 phase_g ws_mb 1898 peak_mb 1898
2026-10-09T00:33:25.0350449+09:00 pid 20860 phase_g ws_mb 2078 peak_mb 2078
2026-10-09T00:33:55.0647655+09:00 pid 20860 phase_g ws_mb 2271 peak_mb 2271
2026-10-09T00:34:25.0940371+09:00 pid 20860 phase_g ws_mb 1414 peak_mb 2449
2026-10-09T00:34:55.1241138+09:00 pid 20860 phase_g ws_mb 742 peak_mb 2449
2026-10-09T00:35:25.2030011+09:00 pid 20860 phase_g ws_mb 1145 peak_mb 2449
2026-10-09T00:35:55.2479597+09:00 pid 20860 phase_g ws_mb 1450 peak_mb 2449
2026-10-09T00:36:25.2934851+09:00 pid 20860 phase_g ws_mb 1768 peak_mb 2449
2026-10-09T00:36:55.3294496+09:00 pid 20860 phase_g ws_mb 2142 peak_mb 2449
2026-10-09T00:37:25.3567874+09:00 pid 20860 phase_g ws_mb 2379 peak_mb 2449
2026-10-09T00:37:55.3947894+09:00 pid 20860 phase_g ws_mb 2655 peak_mb 2655
2026-10-09T00:38:25.4501884+09:00 pid 20860 phase_g ws_mb 2898 peak_mb 2985
2026-10-09T00:38:55.4879941+09:00 pid 20860 phase_g ws_mb 132 peak_mb 3025
2026-10-09T00:39:25.5250293+09:00 pid 20860 phase_g ws_mb 457 peak_mb 3025
2026-10-09T00:39:55.5639988+09:00 pid 20860 phase_g ws_mb 977 peak_mb 3025
2026-10-09T00:40:25.6094294+09:00 pid 20860 phase_g ws_mb 1321 peak_mb 3025
2026-10-09T00:40:55.6432438+09:00 pid 20860 phase_g ws_mb 1572 peak_mb 3025
2026-10-09T00:41:25.6786815+09:00 pid 20860 phase_g ws_mb 1883 peak_mb 3025
2026-10-09T00:41:55.7257360+09:00 pid 20860 phase_g ws_mb 2154 peak_mb 3025
2026-10-09T00:42:25.7621465+09:00 pid 20860 phase_g ws_mb 2391 peak_mb 3025
2026-10-09T00:42:55.8035858+09:00 pid 20860 phase_g ws_mb 693 peak_mb 3025
2026-10-09T00:43:25.8417641+09:00 pid 20860 phase_g ws_mb 1095 peak_mb 3025
2026-10-09T00:43:55.8829356+09:00 pid 20860 phase_g ws_mb 1421 peak_mb 3025
2026-10-09T00:44:25.9279260+09:00 pid 20860 phase_g ws_mb 1673 peak_mb 3025
2026-10-09T00:44:55.9945078+09:00 pid 20860 phase_g ws_mb 1887 peak_mb 3025
2026-10-09T00:45:26.0295895+09:00 pid 20860 phase_g ws_mb 2102 peak_mb 3025
2026-10-09T00:45:56.0735148+09:00 pid 20860 phase_g ws_mb 2313 peak_mb 3025
2026-10-09T00:46:26.1066699+09:00 pid 20860 phase_g ws_mb 2533 peak_mb 3025
2026-10-09T00:46:56.1512364+09:00 pid 20860 phase_g ws_mb 2755 peak_mb 3025
2026-10-09T00:47:26.1832855+09:00 pid 20860 phase_g ws_mb 2925 peak_mb 3025
2026-10-09T00:47:56.2131779+09:00 pid 20860 phase_g ws_mb 3133 peak_mb 3134
2026-10-09T00:48:26.2573820+09:00 pid 20860 phase_g ws_mb 3378 peak_mb 3378
2026-10-09T00:48:56.2870532+09:00 pid 20860 phase_g ws_mb 3593 peak_mb 3594
2026-10-09T00:49:26.3134839+09:00 pid 20860 phase_g ws_mb 3761 peak_mb 3762
2026-10-09T00:49:56.3459710+09:00 pid 20860 phase_g ws_mb 221 peak_mb 3836
2026-10-09T00:50:26.3844361+09:00 pid 20860 phase_g ws_mb 703 peak_mb 3836
2026-10-09T00:50:56.4354421+09:00 pid 20860 phase_g ws_mb 1202 peak_mb 3836
2026-10-09T00:51:26.4693977+09:00 pid 20860 phase_g ws_mb 1550 peak_mb 3836
2026-10-09T00:51:56.4920334+09:00 pid 20860 phase_g ws_mb 1905 peak_mb 3836
2026-10-09T00:52:26.5212824+09:00 pid 20860 phase_g ws_mb 2163 peak_mb 3836
2026-10-09T00:52:56.5519561+09:00 pid 20860 phase_g ws_mb 2438 peak_mb 3836
2026-10-09T00:53:26.6125439+09:00 pid 20860 phase_g ws_mb 559 peak_mb 3836
2026-10-09T00:53:56.6473876+09:00 pid 20860 phase_g ws_mb 1056 peak_mb 3836
2026-10-09T00:54:26.6838148+09:00 pid 20860 phase_g ws_mb 1427 peak_mb 3836
2026-10-09T00:54:56.7182580+09:00 pid 20860 phase_g ws_mb 1705 peak_mb 3836
2026-10-09T00:55:26.7592622+09:00 pid 20860 phase_g ws_mb 1970 peak_mb 3836
2026-10-09T00:55:56.7937311+09:00 pid 20860 phase_g ws_mb 2273 peak_mb 3836
2026-10-09T00:56:26.8236626+09:00 pid 20860 phase_g ws_mb 2584 peak_mb 3836
2026-10-09T00:56:56.8558482+09:00 pid 20860 phase_g ws_mb 2833 peak_mb 3836
2026-10-09T00:57:26.8960695+09:00 pid 20860 phase_g ws_mb 3038 peak_mb 3836
2026-10-09T00:57:56.9312214+09:00 pid 20860 phase_g ws_mb 3252 peak_mb 3836
2026-10-09T00:58:26.9649036+09:00 pid 20860 phase_g ws_mb 3471 peak_mb 3836
2026-10-09T00:58:57.0059009+09:00 pid 20860 phase_g ws_mb 3661 peak_mb 3836
2026-10-09T00:59:27.0330849+09:00 pid 20860 phase_g ws_mb 3810 peak_mb 3836
2026-10-09T00:59:57.0734198+09:00 pid 20860 phase_g ws_mb 252 peak_mb 3863
2026-10-09T01:00:27.1028548+09:00 pid 20860 phase_g ws_mb 718 peak_mb 3863
2026-10-09T01:00:57.1359195+09:00 pid 20860 phase_g ws_mb 1169 peak_mb 3863
2026-10-09T01:01:27.1764942+09:00 pid 20860 phase_g ws_mb 1452 peak_mb 3863
2026-10-09T01:01:57.2240514+09:00 pid 20860 phase_g ws_mb 1713 peak_mb 3863
2026-10-09T01:02:27.2644035+09:00 pid 20860 phase_g ws_mb 1972 peak_mb 3863
2026-10-09T01:02:57.3057609+09:00 pid 20860 phase_g ws_mb 2196 peak_mb 3863
2026-10-09T01:03:27.3492290+09:00 pid 20860 phase_g ws_mb 2401 peak_mb 3863
2026-10-09T01:03:57.4171558+09:00 pid 20860 phase_g ws_mb 459 peak_mb 3863
2026-10-09T01:04:27.4502686+09:00 pid 20860 phase_g ws_mb 983 peak_mb 3863
2026-10-09T01:04:57.4817917+09:00 pid 20860 phase_g ws_mb 1349 peak_mb 3863
2026-10-09T01:05:27.5076601+09:00 pid 20860 phase_g ws_mb 1722 peak_mb 3863
2026-10-09T01:05:57.5496960+09:00 pid 20860 phase_g ws_mb 2073 peak_mb 3863
2026-10-09T01:06:27.5817788+09:00 pid 20860 phase_g ws_mb 2383 peak_mb 3863
2026-10-09T01:06:57.6236218+09:00 pid 20860 phase_g ws_mb 2569 peak_mb 3863
2026-10-09T01:07:27.6625967+09:00 pid 20860 phase_g ws_mb 2802 peak_mb 3863
2026-10-09T01:07:57.6963561+09:00 pid 20860 phase_g ws_mb 3036 peak_mb 3863
2026-10-09T01:08:27.7316551+09:00 pid 20860 phase_g ws_mb 2803 peak_mb 3863
2026-10-09T01:08:57.7616642+09:00 pid 20860 phase_g ws_mb 296 peak_mb 3863
2026-10-09T01:09:27.8047025+09:00 pid 20860 phase_g ws_mb 870 peak_mb 3863
2026-10-09T01:09:57.8430112+09:00 pid 20860 phase_g ws_mb 1240 peak_mb 3863
2026-10-09T01:10:27.8750976+09:00 pid 20860 phase_g ws_mb 1564 peak_mb 3863
2026-10-09T01:10:57.9125810+09:00 pid 20860 phase_g ws_mb 1854 peak_mb 3863
2026-10-09T01:11:27.9566805+09:00 pid 20860 phase_g ws_mb 2072 peak_mb 3863
2026-10-09T01:11:57.9899745+09:00 pid 20860 phase_g ws_mb 2314 peak_mb 3863
2026-10-09T01:12:28.0291088+09:00 pid 20860 phase_g ws_mb 755 peak_mb 3863
2026-10-09T01:12:58.0615299+09:00 pid 20860 phase_g ws_mb 1204 peak_mb 3863
2026-10-09T01:13:28.0941785+09:00 pid 20860 phase_g ws_mb 1598 peak_mb 3863
2026-10-09T01:13:58.1355978+09:00 pid 20860 phase_g ws_mb 1813 peak_mb 3863
2026-10-09T01:14:28.1814823+09:00 pid 20860 phase_g ws_mb 2053 peak_mb 3863
2026-10-09T01:14:58.2232388+09:00 pid 20860 phase_g ws_mb 2283 peak_mb 3863
2026-10-09T01:15:28.2597372+09:00 pid 20860 phase_g ws_mb 2503 peak_mb 3863
2026-10-09T01:15:58.3027520+09:00 pid 20860 phase_g ws_mb 2727 peak_mb 3863
2026-10-09T01:16:28.3389715+09:00 pid 20860 phase_g ws_mb 2906 peak_mb 3863
2026-10-09T01:16:58.3712974+09:00 pid 20860 phase_g ws_mb 3152 peak_mb 3863
2026-10-09T01:17:28.4124980+09:00 pid 20860 phase_g ws_mb 3351 peak_mb 3863
2026-10-09T01:17:58.4566559+09:00 pid 20860 phase_g ws_mb 3577 peak_mb 3863
2026-10-09T01:18:28.4847840+09:00 pid 20860 phase_g ws_mb 3746 peak_mb 3863
2026-10-09T01:18:58.5296574+09:00 pid 20860 phase_g ws_mb 199 peak_mb 3863
2026-10-09T01:19:28.5633712+09:00 pid 115816 phase_g ws_mb 480 peak_mb 480
2026-10-09T01:19:58.5935213+09:00 pid 115816 phase_g ws_mb 966 peak_mb 966
2026-10-09T01:20:28.6339748+09:00 pid 115816 phase_g ws_mb 1320 peak_mb 1320
2026-10-09T01:20:58.6740624+09:00 pid 115816 phase_g ws_mb 1589 peak_mb 1589
2026-10-09T01:21:28.7271562+09:00 pid 115816 phase_g ws_mb 1824 peak_mb 1824
2026-10-09T01:21:58.7641761+09:00 pid 115816 phase_g ws_mb 2059 peak_mb 2059
2026-10-09T01:22:28.7992310+09:00 pid 115816 phase_g ws_mb 2265 peak_mb 2265
2026-10-09T01:22:58.8402372+09:00 pid 115816 phase_g ws_mb 2487 peak_mb 2487
2026-10-09T01:23:28.8890619+09:00 pid 115816 phase_g ws_mb 261 peak_mb 2587
2026-10-09T01:23:58.9384631+09:00 pid 115816 phase_g ws_mb 775 peak_mb 2587
2026-10-09T01:24:28.9871478+09:00 pid 115816 phase_g ws_mb 1103 peak_mb 2587
2026-10-09T01:24:59.0680838+09:00 pid 115816 phase_g ws_mb 1394 peak_mb 2587
2026-10-09T01:25:29.1084565+09:00 pid 115816 phase_g ws_mb 1607 peak_mb 2587
2026-10-09T01:25:59.1484704+09:00 pid 115816 phase_g ws_mb 1838 peak_mb 2587
2026-10-09T01:26:29.1827913+09:00 pid 115816 phase_g ws_mb 2100 peak_mb 2587
2026-10-09T01:26:59.2135672+09:00 pid 115816 phase_g ws_mb 2391 peak_mb 2587
2026-10-09T01:27:29.2587245+09:00 pid 115816 phase_g ws_mb 2669 peak_mb 2670
2026-10-09T01:27:59.2971312+09:00 pid 115816 phase_g ws_mb 2859 peak_mb 2859
2026-10-09T01:28:29.3334819+09:00 pid 115816 phase_g ws_mb 3096 peak_mb 3096
2026-10-09T01:28:59.3780360+09:00 pid 115816 phase_g ws_mb 3291 peak_mb 3292
2026-10-09T01:29:29.4175826+09:00 pid 115816 phase_g ws_mb 3527 peak_mb 3638
2026-10-09T01:29:59.4463689+09:00 pid 115816 phase_g ws_mb 3723 peak_mb 3724
2026-10-09T01:30:29.4844996+09:00 pid 115816 phase_g ws_mb 104 peak_mb 3839
2026-10-09T01:30:59.5234223+09:00 pid 115816 phase_g ws_mb 389 peak_mb 3839
2026-10-09T01:31:29.5952500+09:00 pid 115816 phase_g ws_mb 952 peak_mb 3839
2026-10-09T01:31:59.6263335+09:00 pid 115816 phase_g ws_mb 1315 peak_mb 3839
2026-10-09T01:32:29.6720857+09:00 pid 115816 phase_g ws_mb 1651 peak_mb 3839
2026-10-09T01:32:59.7111946+09:00 pid 115816 phase_g ws_mb 1943 peak_mb 3839
2026-10-09T01:33:29.7450326+09:00 pid 115816 phase_g ws_mb 2191 peak_mb 3839
2026-10-09T01:33:59.7906813+09:00 pid 115816 phase_g ws_mb 2431 peak_mb 3839
2026-10-09T01:34:29.8278176+09:00 pid 115816 phase_g ws_mb 683 peak_mb 3839
2026-10-09T01:34:59.8736235+09:00 pid 115816 phase_g ws_mb 1150 peak_mb 3839
2026-10-09T01:35:29.9206484+09:00 pid 115816 phase_g ws_mb 1488 peak_mb 3839
2026-10-09T01:35:59.9634818+09:00 pid 115816 phase_g ws_mb 1751 peak_mb 3839
2026-10-09T01:36:30.0027871+09:00 pid 115816 phase_g ws_mb 2036 peak_mb 3839
2026-10-09T01:37:00.0442019+09:00 pid 115816 phase_g ws_mb 2312 peak_mb 3839
2026-10-09T01:37:30.0875329+09:00 pid 115816 phase_g ws_mb 2601 peak_mb 3839
2026-10-09T01:38:00.1363516+09:00 pid 115816 phase_g ws_mb 2798 peak_mb 3839
2026-10-09T01:38:30.1749302+09:00 pid 115816 phase_g ws_mb 3048 peak_mb 3839
2026-10-09T01:39:00.2074472+09:00 pid 115816 phase_g ws_mb 3265 peak_mb 3839
2026-10-09T01:39:30.2420914+09:00 pid 115816 phase_g ws_mb 3482 peak_mb 3839
2026-10-09T01:40:00.2857805+09:00 pid 115816 phase_g ws_mb 3640 peak_mb 3839
2026-10-09T01:40:30.3509205+09:00 pid 115816 phase_g ws_mb 225 peak_mb 3839
2026-10-09T01:41:00.3780476+09:00 pid 115816 phase_g ws_mb 647 peak_mb 3839
2026-10-09T01:41:30.4143936+09:00 pid 115816 phase_g ws_mb 1094 peak_mb 3839
2026-10-09T01:42:00.4587729+09:00 pid 115816 phase_g ws_mb 1372 peak_mb 3839
2026-10-09T01:42:30.4987848+09:00 pid 115816 phase_g ws_mb 1609 peak_mb 3839
2026-10-09T01:43:00.5399911+09:00 pid 115816 phase_g ws_mb 1894 peak_mb 3839
2026-10-09T01:43:30.5850494+09:00 pid 115816 phase_g ws_mb 2120 peak_mb 3839
2026-10-09T01:44:00.6377909+09:00 pid 115816 phase_g ws_mb 2342 peak_mb 3839
2026-10-09T01:44:30.6818556+09:00 pid 115816 phase_g ws_mb 520 peak_mb 3839
2026-10-09T01:45:00.7142851+09:00 pid 115816 phase_g ws_mb 1027 peak_mb 3839
2026-10-09T01:45:30.7429716+09:00 pid 115816 phase_g ws_mb 1409 peak_mb 3839
2026-10-09T01:46:00.7736854+09:00 pid 115816 phase_g ws_mb 1680 peak_mb 3839
2026-10-09T01:46:30.8113485+09:00 pid 115816 phase_g ws_mb 1938 peak_mb 3839
2026-10-09T01:47:00.8589247+09:00 pid 115816 phase_g ws_mb 2191 peak_mb 3839
2026-10-09T01:47:31.0358900+09:00 pid 115816 phase_g ws_mb 2372 peak_mb 3839
2026-10-09T01:48:01.6582255+09:00 pid 115816 phase_g ws_mb 2593 peak_mb 3839
2026-10-09T01:48:31.6892219+09:00 pid 115816 phase_g ws_mb 2808 peak_mb 3839
2026-10-09T01:49:01.7315434+09:00 pid 115816 phase_g ws_mb 3006 peak_mb 3839
2026-10-09T01:49:31.7678548+09:00 pid 115816 phase_g ws_mb 3213 peak_mb 3839
2026-10-09T01:50:01.8061764+09:00 pid 115816 phase_g ws_mb 3413 peak_mb 3839
2026-10-09T01:50:31.8387393+09:00 pid 115816 phase_g ws_mb 3635 peak_mb 3839
2026-10-09T01:51:01.8730281+09:00 pid 115816 phase_g ws_mb 3781 peak_mb 3839
2026-10-09T01:51:31.9121562+09:00 pid 115816 phase_g ws_mb 114 peak_mb 3839
2026-10-09T01:52:01.9534808+09:00 pid 115816 phase_g ws_mb 806 peak_mb 3839
2026-10-09T01:52:31.9915109+09:00 pid 115816 phase_g ws_mb 1225 peak_mb 3839
2026-10-09T01:53:02.0284443+09:00 pid 115816 phase_g ws_mb 1565 peak_mb 3839
2026-10-09T01:53:32.0542485+09:00 pid 115816 phase_g ws_mb 1863 peak_mb 3839
2026-10-09T01:54:02.0816250+09:00 pid 115816 phase_g ws_mb 2122 peak_mb 3839
2026-10-09T01:54:32.1359314+09:00 pid 115816 phase_g ws_mb 2401 peak_mb 3839
2026-10-09T01:55:02.1694196+09:00 pid 115816 phase_g ws_mb 693 peak_mb 3839
2026-10-09T01:55:32.2108989+09:00 pid 115816 phase_g ws_mb 1148 peak_mb 3839
2026-10-09T01:56:02.2442220+09:00 pid 115816 phase_g ws_mb 1504 peak_mb 3839
2026-10-09T01:56:32.2835822+09:00 pid 115816 phase_g ws_mb 1784 peak_mb 3839
2026-10-09T01:57:02.3290289+09:00 pid 115816 phase_g ws_mb 2094 peak_mb 3839
2026-10-09T01:57:32.3661717+09:00 pid 115816 phase_g ws_mb 2376 peak_mb 3839
2026-10-09T01:58:02.4027097+09:00 pid 115816 phase_g ws_mb 2655 peak_mb 3839
2026-10-09T01:58:32.4465403+09:00 pid 115816 phase_g ws_mb 2861 peak_mb 3839
2026-10-09T01:59:02.4923823+09:00 pid 115816 phase_g ws_mb 3036 peak_mb 3839
2026-10-09T01:59:32.5271743+09:00 pid 115816 phase_g ws_mb 3262 peak_mb 3839
2026-10-09T02:00:02.5607117+09:00 pid 115816 phase_g ws_mb 3469 peak_mb 3839
2026-10-09T02:00:32.5985890+09:00 pid 115816 phase_g ws_mb 3668 peak_mb 3839
2026-10-09T02:01:02.6313746+09:00 pid 115816 phase_g ws_mb 148 peak_mb 3839
2026-10-09T02:01:32.6715716+09:00 pid 115816 phase_g ws_mb 518 peak_mb 3839
2026-10-09T02:02:02.7119844+09:00 pid 115816 phase_g ws_mb 1073 peak_mb 3839
2026-10-09T02:02:32.7455877+09:00 pid 115816 phase_g ws_mb 1454 peak_mb 3839
2026-10-09T02:03:02.7743040+09:00 pid 115816 phase_g ws_mb 1822 peak_mb 3839
2026-10-09T02:03:32.8136078+09:00 pid 115816 phase_g ws_mb 2081 peak_mb 3839
2026-10-09T02:04:02.8527493+09:00 pid 115816 phase_g ws_mb 2387 peak_mb 3839
2026-10-09T02:04:32.9089868+09:00 pid 115816 phase_g ws_mb 705 peak_mb 3839
2026-10-09T02:05:02.9355422+09:00 pid 115816 phase_g ws_mb 1215 peak_mb 3839
2026-10-09T02:05:32.9747515+09:00 pid 115816 phase_g ws_mb 1569 peak_mb 3839
2026-10-09T02:06:03.0060008+09:00 pid 115816 phase_g ws_mb 1860 peak_mb 3839
2026-10-09T02:06:33.0336565+09:00 pid 115816 phase_g ws_mb 2177 peak_mb 3839
2026-10-09T02:07:03.0668637+09:00 pid 115816 phase_g ws_mb 2505 peak_mb 3839
2026-10-09T02:07:33.0998417+09:00 pid 115816 phase_g ws_mb 2719 peak_mb 3839
2026-10-09T02:08:03.1323980+09:00 pid 115816 phase_g ws_mb 2943 peak_mb 3839
2026-10-09T02:08:33.1795617+09:00 pid 115816 phase_g ws_mb 3210 peak_mb 3839
2026-10-09T02:09:03.2150158+09:00 pid 115816 phase_g ws_mb 3448 peak_mb 3839
2026-10-09T02:09:33.2522811+09:00 pid 115816 phase_g ws_mb 178 peak_mb 3839
2026-10-09T02:10:03.2874496+09:00 pid 115816 phase_g ws_mb 389 peak_mb 3839
2026-10-09T02:10:33.3191087+09:00 pid 110264 phase_h ws_mb 291 peak_mb 291
2026-10-09T02:11:03.3535738+09:00 pid 110264 phase_h ws_mb 454 peak_mb 454
2026-10-09T02:11:33.3801302+09:00 pid 110264 phase_h ws_mb 327 peak_mb 491
2026-10-09T02:12:03.4130258+09:00 pid 110264 phase_h ws_mb 478 peak_mb 491
2026-10-09T02:12:33.4488258+09:00 pid 110264 phase_h ws_mb 308 peak_mb 492
2026-10-09T02:13:03.4856920+09:00 pid 110264 phase_h ws_mb 270 peak_mb 492
2026-10-09T02:13:33.5322500+09:00 pid 110264 phase_h ws_mb 288 peak_mb 492
2026-10-09T02:14:03.5576248+09:00 pid 110264 phase_h ws_mb 459 peak_mb 492
2026-10-09T02:14:33.5835986+09:00 pid 110264 phase_h ws_mb 448 peak_mb 515
2026-10-09T02:15:03.6203354+09:00 pid 110264 phase_h ws_mb 856 peak_mb 856
2026-10-09T02:15:33.6599358+09:00 pid 110264 phase_h ws_mb 1136 peak_mb 1136
2026-10-09T02:16:03.7168013+09:00 pid 110264 phase_h ws_mb 1372 peak_mb 1372
2026-10-09T02:16:33.7550042+09:00 pid 110264 phase_h ws_mb 1546 peak_mb 1547
2026-10-09T02:17:03.7863426+09:00 pid 110264 phase_h ws_mb 1715 peak_mb 1715
2026-10-09T02:17:33.8287324+09:00 pid 110264 phase_h ws_mb 1876 peak_mb 1876
2026-10-09T02:18:03.8594473+09:00 pid 110264 phase_h ws_mb 2062 peak_mb 2062
2026-10-09T02:18:33.8937272+09:00 pid 110264 phase_h ws_mb 2242 peak_mb 2242
2026-10-09T02:19:03.9211723+09:00 pid 110264 phase_h ws_mb 2367 peak_mb 2367
2026-10-09T02:19:33.9661339+09:00 pid 110264 phase_h ws_mb 2480 peak_mb 2480
2026-10-09T02:20:04.0157417+09:00 pid 110264 phase_h ws_mb 2559 peak_mb 2559
2026-10-09T02:20:34.0503102+09:00 pid 110264 phase_h ws_mb 2640 peak_mb 2757
2026-10-09T02:21:04.0846746+09:00 pid 110264 phase_h ws_mb 2733 peak_mb 2757
2026-10-09T02:21:34.1215153+09:00 pid 110264 phase_h ws_mb 2867 peak_mb 2867
2026-10-09T02:22:04.1495360+09:00 pid 110264 phase_h ws_mb 2972 peak_mb 2972
2026-10-09T02:22:34.2109331+09:00 pid 110264 phase_h ws_mb 3069 peak_mb 3070
2026-10-09T02:23:04.2429287+09:00 pid 110264 phase_h ws_mb 3168 peak_mb 3168
2026-10-09T02:23:34.2789626+09:00 pid 110264 phase_h ws_mb 3261 peak_mb 3261
2026-10-09T02:24:04.3084928+09:00 pid 110264 phase_h ws_mb 3337 peak_mb 3337
2026-10-09T02:24:34.3340904+09:00 pid 110264 phase_h ws_mb 3399 peak_mb 3399
2026-10-09T02:25:04.3710982+09:00 pid 110264 phase_h ws_mb 3467 peak_mb 3467
2026-10-09T02:25:34.3980235+09:00 pid 110264 phase_h ws_mb 3546 peak_mb 3546
2026-10-09T02:26:04.4360401+09:00 pid 110264 phase_h ws_mb 3627 peak_mb 3628
2026-10-09T02:26:34.4759142+09:00 pid 110264 phase_h ws_mb 3701 peak_mb 3701
2026-10-09T02:27:04.5101268+09:00 pid 110264 phase_h ws_mb 3764 peak_mb 3765
2026-10-09T02:27:34.5340393+09:00 pid 110264 phase_h ws_mb 3856 peak_mb 3856
2026-10-09T02:28:04.5663269+09:00 pid 110264 phase_h ws_mb 3928 peak_mb 3928
2026-10-09T02:28:34.5943280+09:00 pid 110264 phase_h ws_mb 3985 peak_mb 3985
2026-10-09T02:29:04.6391630+09:00 pid 110264 phase_h ws_mb 4043 peak_mb 4043
2026-10-09T02:29:34.6704488+09:00 pid 110264 phase_h ws_mb 4108 peak_mb 4108
2026-10-09T02:30:04.7087684+09:00 pid 110264 phase_h ws_mb 4163 peak_mb 4163
2026-10-09T02:30:34.7452615+09:00 pid 110264 phase_h ws_mb 4222 peak_mb 4222
2026-10-09T02:31:04.7820013+09:00 pid 110264 phase_h ws_mb 4290 peak_mb 4290
2026-10-09T02:31:34.8201537+09:00 pid 110264 phase_h ws_mb 4348 peak_mb 4348
2026-10-09T02:32:04.8505632+09:00 pid 110264 phase_h ws_mb 4413 peak_mb 4413
2026-10-09T02:32:34.8926736+09:00 pid 110264 phase_h ws_mb 4469 peak_mb 4469
2026-10-09T02:33:04.9293089+09:00 pid 110264 phase_h ws_mb 4526 peak_mb 4526
2026-10-09T02:33:34.9708213+09:00 pid 110264 phase_h ws_mb 4578 peak_mb 4578
2026-10-09T02:34:05.0132906+09:00 pid 110264 phase_h ws_mb 4625 peak_mb 4625
2026-10-09T02:34:35.0562387+09:00 pid 110264 phase_h ws_mb 4675 peak_mb 4676
2026-10-09T02:35:05.0987437+09:00 pid 110264 phase_h ws_mb 4718 peak_mb 4719
2026-10-09T02:35:35.1312082+09:00 pid 110264 phase_h ws_mb 4765 peak_mb 4765
2026-10-09T02:36:05.1715610+09:00 pid 110264 phase_h ws_mb 4819 peak_mb 4819
2026-10-09T02:36:35.2138230+09:00 pid 110264 phase_h ws_mb 4854 peak_mb 4857
2026-10-09T02:37:05.2538862+09:00 pid 110264 phase_h ws_mb 4902 peak_mb 4902
2026-10-09T02:37:35.2977749+09:00 pid 110264 phase_h ws_mb 4950 peak_mb 4950
2026-10-09T02:38:05.3341181+09:00 pid 110264 phase_h ws_mb 4997 peak_mb 4997
2026-10-09T02:38:35.3698512+09:00 pid 110264 phase_h ws_mb 5044 peak_mb 5044
2026-10-09T02:39:05.4038678+09:00 pid 110264 phase_h ws_mb 5090 peak_mb 5090
2026-10-09T02:39:35.4423285+09:00 pid 110264 phase_h ws_mb 5136 peak_mb 5136
2026-10-09T02:40:05.4896162+09:00 pid 110264 phase_h ws_mb 5190 peak_mb 5191
2026-10-09T02:40:35.5136363+09:00 pid 110264 phase_h ws_mb 5235 peak_mb 5235
2026-10-09T02:41:05.5554128+09:00 pid 110264 phase_h ws_mb 5289 peak_mb 5289
2026-10-09T02:41:35.5946194+09:00 pid 110264 phase_h ws_mb 5340 peak_mb 5340
2026-10-09T02:42:05.6262443+09:00 pid 110264 phase_h ws_mb 5393 peak_mb 5393
2026-10-09T02:42:35.6591007+09:00 pid 110264 phase_h ws_mb 170 peak_mb 5427
2026-10-09T02:43:05.6852964+09:00 pid 110264 phase_h ws_mb 177 peak_mb 5427
2026-10-09T02:43:35.7264048+09:00 pid 110264 phase_h ws_mb 184 peak_mb 5427
2026-10-09T02:44:05.7677309+09:00 pid 110264 phase_h ws_mb 405 peak_mb 5427
2026-10-09T02:44:35.7992890+09:00 pid 110264 phase_h ws_mb 329 peak_mb 5427
2026-10-09T02:45:05.8261773+09:00 pid 110264 phase_h ws_mb 282 peak_mb 5427
2026-10-09T02:45:35.8664362+09:00 pid 110264 phase_h ws_mb 470 peak_mb 5427
2026-10-09T02:46:05.8926014+09:00 pid 110264 phase_h ws_mb 339 peak_mb 5427
2026-10-09T02:46:35.9406571+09:00 pid 110264 phase_h ws_mb 782 peak_mb 5427
2026-10-09T02:47:05.9678443+09:00 pid 110264 phase_h ws_mb 1089 peak_mb 5427
2026-10-09T02:47:35.9951266+09:00 pid 110264 phase_h ws_mb 1297 peak_mb 5427
2026-10-09T02:48:06.0202018+09:00 pid 110264 phase_h ws_mb 1478 peak_mb 5427
2026-10-09T02:48:36.0613938+09:00 pid 110264 phase_h ws_mb 1647 peak_mb 5427
2026-10-09T02:49:06.1024190+09:00 pid 110264 phase_h ws_mb 1791 peak_mb 5427
2026-10-09T02:49:36.1362341+09:00 pid 110264 phase_h ws_mb 1936 peak_mb 5427
2026-10-09T02:50:06.1855305+09:00 pid 110264 phase_h ws_mb 2058 peak_mb 5427
2026-10-09T02:50:36.2143543+09:00 pid 110264 phase_h ws_mb 2177 peak_mb 5427
2026-10-09T02:51:06.2625880+09:00 pid 110264 phase_h ws_mb 2301 peak_mb 5427
2026-10-09T02:51:36.2967266+09:00 pid 110264 phase_h ws_mb 2407 peak_mb 5427
2026-10-09T02:52:06.3390942+09:00 pid 110264 phase_h ws_mb 2487 peak_mb 5427
2026-10-09T02:52:36.3678990+09:00 pid 110264 phase_h ws_mb 2578 peak_mb 5427
2026-10-09T02:53:06.4042257+09:00 pid 110264 phase_h ws_mb 2677 peak_mb 5427
2026-10-09T02:53:36.4354806+09:00 pid 110264 phase_h ws_mb 2769 peak_mb 5427
2026-10-09T02:54:06.4833423+09:00 pid 110264 phase_h ws_mb 2860 peak_mb 5427
2026-10-09T02:54:36.5131531+09:00 pid 110264 phase_h ws_mb 2938 peak_mb 5427
2026-10-09T02:55:06.5393121+09:00 pid 110264 phase_h ws_mb 3016 peak_mb 5427
2026-10-09T02:55:36.5764500+09:00 pid 110264 phase_h ws_mb 3105 peak_mb 5427
2026-10-09T02:56:06.6110399+09:00 pid 110264 phase_h ws_mb 3193 peak_mb 5427
2026-10-09T02:56:36.6461105+09:00 pid 110264 phase_h ws_mb 3259 peak_mb 5427
2026-10-09T02:57:06.6859367+09:00 pid 110264 phase_h ws_mb 3323 peak_mb 5427
2026-10-09T02:57:36.7169235+09:00 pid 110264 phase_h ws_mb 3387 peak_mb 5427
2026-10-09T02:58:06.7557085+09:00 pid 110264 phase_h ws_mb 3453 peak_mb 5427
2026-10-09T02:58:36.7840291+09:00 pid 110264 phase_h ws_mb 3511 peak_mb 5427
2026-10-09T02:59:06.8125456+09:00 pid 110264 phase_h ws_mb 3578 peak_mb 5427
2026-10-09T02:59:36.8588107+09:00 pid 110264 phase_h ws_mb 3641 peak_mb 5427
2026-10-09T03:00:06.8831582+09:00 pid 110264 phase_h ws_mb 3701 peak_mb 5427
2026-10-09T03:00:36.9203932+09:00 pid 110264 phase_h ws_mb 3769 peak_mb 5427
2026-10-09T03:01:06.9496241+09:00 pid 110264 phase_h ws_mb 3853 peak_mb 5427
2026-10-09T03:01:36.9734209+09:00 pid 110264 phase_h ws_mb 3930 peak_mb 5427
2026-10-09T03:02:07.0251025+09:00 pid 110264 phase_h ws_mb 3989 peak_mb 5427
2026-10-09T03:02:37.0639307+09:00 pid 110264 phase_h ws_mb 179 peak_mb 5427
2026-10-09T03:03:07.0921746+09:00 pid 110264 phase_h ws_mb 190 peak_mb 5427
2026-10-09T03:03:37.1340355+09:00 pid 110264 phase_h ws_mb 217 peak_mb 5427
2026-10-09T03:04:07.1694910+09:00 pid 110264 phase_h ws_mb 410 peak_mb 5427
2026-10-09T03:04:37.1988023+09:00 pid 110264 phase_h ws_mb 342 peak_mb 5427
2026-10-09T03:05:07.2403615+09:00 pid 110264 phase_h ws_mb 312 peak_mb 5427
2026-10-09T03:05:37.2701313+09:00 pid 110264 phase_h ws_mb 482 peak_mb 5427
2026-10-09T03:06:07.3166746+09:00 pid 110264 phase_h ws_mb 416 peak_mb 5427
2026-10-09T03:06:37.3460832+09:00 pid 110264 phase_h ws_mb 828 peak_mb 5427
2026-10-09T03:07:07.3839502+09:00 pid 110264 phase_h ws_mb 1090 peak_mb 5427
2026-10-09T03:07:37.4082947+09:00 pid 110264 phase_h ws_mb 1310 peak_mb 5427
2026-10-09T03:08:07.4423687+09:00 pid 110264 phase_h ws_mb 1486 peak_mb 5427
2026-10-09T03:08:37.4921078+09:00 pid 110264 phase_h ws_mb 1643 peak_mb 5427
2026-10-09T03:09:07.5205098+09:00 pid 110264 phase_h ws_mb 1800 peak_mb 5427
2026-10-09T03:09:37.5591663+09:00 pid 110264 phase_h ws_mb 1928 peak_mb 5427
2026-10-09T03:10:07.5872015+09:00 pid 110264 phase_h ws_mb 2035 peak_mb 5427
2026-10-09T03:10:37.6138453+09:00 pid 110264 phase_h ws_mb 2144 peak_mb 5427
2026-10-09T03:11:07.6400873+09:00 pid 110264 phase_h ws_mb 2242 peak_mb 5427
2026-10-09T03:11:37.6708119+09:00 pid 110264 phase_h ws_mb 2336 peak_mb 5427
2026-10-09T03:12:07.7104081+09:00 pid 110264 phase_h ws_mb 2426 peak_mb 5427
2026-10-09T03:12:37.7480639+09:00 pid 110264 phase_h ws_mb 2512 peak_mb 5427
2026-10-09T03:13:07.7793185+09:00 pid 110264 phase_h ws_mb 2615 peak_mb 5427
2026-10-09T03:13:37.8033322+09:00 pid 110264 phase_h ws_mb 2685 peak_mb 5427
2026-10-09T03:14:07.8291703+09:00 pid 110264 phase_h ws_mb 2766 peak_mb 5427
2026-10-09T03:14:37.8694998+09:00 pid 110264 phase_h ws_mb 2843 peak_mb 5427
2026-10-09T03:15:07.9232593+09:00 pid 110264 phase_h ws_mb 2917 peak_mb 5427
2026-10-09T03:15:37.9615295+09:00 pid 110264 phase_h ws_mb 2995 peak_mb 5427
2026-10-09T03:16:08.0025271+09:00 pid 110264 phase_h ws_mb 3067 peak_mb 5427
2026-10-09T03:16:38.0285278+09:00 pid 110264 phase_h ws_mb 3126 peak_mb 5427
2026-10-09T03:17:08.0631743+09:00 pid 110264 phase_h ws_mb 3190 peak_mb 5427
2026-10-09T03:17:38.0983203+09:00 pid 110264 phase_h ws_mb 3251 peak_mb 5427
2026-10-09T03:18:08.1314635+09:00 pid 110264 phase_h ws_mb 3310 peak_mb 5427
2026-10-09T03:18:38.1651746+09:00 pid 110264 phase_h ws_mb 3369 peak_mb 5427
2026-10-09T03:19:08.1980569+09:00 pid 110264 phase_h ws_mb 3432 peak_mb 5427
2026-10-09T03:19:38.2338001+09:00 pid 110264 phase_h ws_mb 3501 peak_mb 5427
2026-10-09T03:20:08.2762624+09:00 pid 110264 phase_h ws_mb 3562 peak_mb 5427
2026-10-09T03:20:38.3294691+09:00 pid 83096 phase_h ws_mb 211 peak_mb 211
2026-10-09T03:21:08.3708661+09:00 pid 83096 phase_h ws_mb 140 peak_mb 347
2026-10-09T03:21:38.4190182+09:00 pid 83096 phase_h ws_mb 67 peak_mb 347
2026-10-09T03:22:08.4798218+09:00 pid 83096 phase_h ws_mb 321 peak_mb 347
2026-10-09T03:22:38.5260424+09:00 pid 83096 phase_h ws_mb 183 peak_mb 392
2026-10-09T03:23:08.5598234+09:00 pid 83096 phase_h ws_mb 359 peak_mb 392
2026-10-09T03:23:38.5964403+09:00 pid 83096 phase_h ws_mb 359 peak_mb 392
2026-10-09T03:24:08.6237191+09:00 pid 83096 phase_h ws_mb 511 peak_mb 511
2026-10-09T03:24:38.6772522+09:00 pid 83096 phase_h ws_mb 585 peak_mb 585
2026-10-09T03:25:08.7021923+09:00 pid 83096 phase_h ws_mb 967 peak_mb 1046
2026-10-09T03:25:38.7452186+09:00 pid 83096 phase_h ws_mb 1220 peak_mb 1220
2026-10-09T03:26:08.7822710+09:00 pid 83096 phase_h ws_mb 1448 peak_mb 1448
2026-10-09T03:26:38.8093623+09:00 pid 83096 phase_h ws_mb 1613 peak_mb 1613
2026-10-09T03:27:08.8483406+09:00 pid 83096 phase_h ws_mb 1765 peak_mb 1765
2026-10-09T03:27:38.8795328+09:00 pid 83096 phase_h ws_mb 1935 peak_mb 1936
2026-10-09T03:28:08.9125794+09:00 pid 83096 phase_h ws_mb 2087 peak_mb 2087
2026-10-09T03:28:38.9529526+09:00 pid 83096 phase_h ws_mb 2216 peak_mb 2216
2026-10-09T03:29:08.9894546+09:00 pid 83096 phase_h ws_mb 2329 peak_mb 2329
2026-10-09T03:29:39.0181448+09:00 pid 83096 phase_h ws_mb 2441 peak_mb 2441
2026-10-09T03:30:09.0536021+09:00 pid 83096 phase_h ws_mb 2536 peak_mb 2538
2026-10-09T03:30:39.0832657+09:00 pid 83096 phase_h ws_mb 2640 peak_mb 2640
2026-10-09T03:31:09.1237094+09:00 pid 83096 phase_h ws_mb 2726 peak_mb 2726
2026-10-09T03:31:39.1495949+09:00 pid 83096 phase_h ws_mb 2816 peak_mb 2816
2026-10-09T03:32:09.1812397+09:00 pid 83096 phase_h ws_mb 2926 peak_mb 2926
2026-10-09T03:32:39.2166887+09:00 pid 83096 phase_h ws_mb 3002 peak_mb 3002
2026-10-09T03:33:09.2403027+09:00 pid 83096 phase_h ws_mb 3090 peak_mb 3090
2026-10-09T03:33:39.2805500+09:00 pid 83096 phase_h ws_mb 3173 peak_mb 3173
2026-10-09T03:34:09.3185527+09:00 pid 83096 phase_h ws_mb 3257 peak_mb 3257
2026-10-09T03:34:39.3629353+09:00 pid 83096 phase_h ws_mb 3335 peak_mb 3335
2026-10-09T03:35:09.3955000+09:00 pid 83096 phase_h ws_mb 3403 peak_mb 3403
2026-10-09T03:35:39.4260486+09:00 pid 83096 phase_h ws_mb 3474 peak_mb 3474
2026-10-09T03:36:09.4594833+09:00 pid 83096 phase_h ws_mb 3558 peak_mb 3558
2026-10-09T03:36:39.4962132+09:00 pid 83096 phase_h ws_mb 3610 peak_mb 3610
2026-10-09T03:37:09.5317268+09:00 pid 83096 phase_h ws_mb 3680 peak_mb 3680
2026-10-09T03:37:39.5881887+09:00 pid 83096 phase_h ws_mb 3745 peak_mb 3745
2026-10-09T03:38:09.6183931+09:00 pid 83096 phase_h ws_mb 3815 peak_mb 3815
2026-10-09T03:38:39.6562203+09:00 pid 83096 phase_h ws_mb 3883 peak_mb 3883
2026-10-09T03:39:09.6787577+09:00 pid 83096 phase_h ws_mb 3943 peak_mb 3943
2026-10-09T03:39:39.7083970+09:00 pid 83096 phase_h ws_mb 4007 peak_mb 4007
2026-10-09T03:40:09.7366966+09:00 pid 83096 phase_h ws_mb 4075 peak_mb 4075
2026-10-09T03:40:39.7732221+09:00 pid 83096 phase_h ws_mb 4133 peak_mb 4133
2026-10-09T03:41:09.8149580+09:00 pid 83096 phase_h ws_mb 355 peak_mb 4133
2026-10-09T03:41:39.8439868+09:00 pid 83096 phase_h ws_mb 348 peak_mb 4133
2026-10-09T03:42:09.8714220+09:00 pid 83096 phase_h ws_mb 333 peak_mb 4133
2026-10-09T03:42:39.9022248+09:00 pid 83096 phase_h ws_mb 247 peak_mb 4133
2026-10-09T03:43:09.9407060+09:00 pid 83096 phase_h ws_mb 51 peak_mb 4133
2026-10-09T03:43:39.9754921+09:00 pid 83096 phase_h ws_mb 410 peak_mb 4133
2026-10-09T03:44:10.0006380+09:00 pid 83096 phase_h ws_mb 554 peak_mb 4133
2026-10-09T03:44:40.0401652+09:00 pid 83096 phase_h ws_mb 634 peak_mb 4133
2026-10-09T03:45:10.0755187+09:00 pid 83096 phase_h ws_mb 962 peak_mb 4133
2026-10-09T03:45:40.1093394+09:00 pid 83096 phase_h ws_mb 1191 peak_mb 4133
2026-10-09T03:46:10.1486028+09:00 pid 83096 phase_h ws_mb 1388 peak_mb 4133
2026-10-09T03:46:40.1991575+09:00 pid 83096 phase_h ws_mb 1544 peak_mb 4133
2026-10-09T03:47:10.2280525+09:00 pid 83096 phase_h ws_mb 1681 peak_mb 4133
2026-10-09T03:47:40.2585423+09:00 pid 83096 phase_h ws_mb 1830 peak_mb 4133
2026-10-09T03:48:10.2848864+09:00 pid 83096 phase_h ws_mb 1966 peak_mb 4133
2026-10-09T03:48:40.3183145+09:00 pid 83096 phase_h ws_mb 2090 peak_mb 4133
2026-10-09T03:49:10.3584305+09:00 pid 83096 phase_h ws_mb 2184 peak_mb 4133
2026-10-09T03:49:40.3955621+09:00 pid 83096 phase_h ws_mb 2277 peak_mb 4133
2026-10-09T03:50:10.4380974+09:00 pid 83096 phase_h ws_mb 2371 peak_mb 4133
2026-10-09T03:50:40.4680081+09:00 pid 83096 phase_h ws_mb 2432 peak_mb 4133
2026-10-09T03:51:10.4943240+09:00 pid 83096 phase_h ws_mb 2511 peak_mb 4133
2026-10-09T03:51:40.5336207+09:00 pid 83096 phase_h ws_mb 2614 peak_mb 4133
2026-10-09T03:52:10.5723957+09:00 pid 83096 phase_h ws_mb 2719 peak_mb 4133
2026-10-09T03:52:40.6040480+09:00 pid 83096 phase_h ws_mb 2796 peak_mb 4133
2026-10-09T03:53:10.6310596+09:00 pid 83096 phase_h ws_mb 2882 peak_mb 4133
2026-10-09T03:53:40.6628451+09:00 pid 83096 phase_h ws_mb 2978 peak_mb 4133
2026-10-09T03:54:10.7023183+09:00 pid 83096 phase_h ws_mb 3058 peak_mb 4133
2026-10-09T03:54:40.7406672+09:00 pid 83096 phase_h ws_mb 3146 peak_mb 4133
2026-10-09T03:55:10.7721017+09:00 pid 83096 phase_h ws_mb 3224 peak_mb 4133
2026-10-09T03:55:40.8046238+09:00 pid 83096 phase_h ws_mb 3302 peak_mb 4133
2026-10-09T03:56:10.8359419+09:00 pid 83096 phase_h ws_mb 3371 peak_mb 4133
2026-10-09T03:56:40.8772944+09:00 pid 83096 phase_h ws_mb 3444 peak_mb 4133
2026-10-09T03:57:10.9166633+09:00 pid 83096 phase_h ws_mb 3507 peak_mb 4133
2026-10-09T03:57:40.9578236+09:00 pid 83096 phase_h ws_mb 3564 peak_mb 4133
2026-10-09T03:58:10.9868288+09:00 pid 83096 phase_h ws_mb 3629 peak_mb 4133
2026-10-09T03:58:41.0201078+09:00 pid 83096 phase_h ws_mb 3702 peak_mb 4133
2026-10-09T03:59:11.0484521+09:00 pid 83096 phase_h ws_mb 3773 peak_mb 4133
2026-10-09T03:59:41.0816035+09:00 pid 83096 phase_h ws_mb 3853 peak_mb 4133
2026-10-09T04:00:11.1152603+09:00 pid 83096 phase_h ws_mb 3923 peak_mb 4133
2026-10-09T04:00:41.1499143+09:00 pid 83096 phase_h ws_mb 3622 peak_mb 4133
2026-10-09T04:01:11.1862101+09:00 pid 83096 phase_h ws_mb 339 peak_mb 4133
2026-10-09T04:01:41.2207470+09:00 pid 83096 phase_h ws_mb 327 peak_mb 4133
2026-10-09T04:02:11.2538051+09:00 pid 83096 phase_h ws_mb 308 peak_mb 4133
2026-10-09T04:02:41.2918594+09:00 pid 83096 phase_h ws_mb 236 peak_mb 4133
2026-10-09T04:03:11.3327588+09:00 pid 83096 phase_h ws_mb 107 peak_mb 4133
2026-10-09T04:03:41.3740667+09:00 pid 83096 phase_h ws_mb 436 peak_mb 4133
2026-10-09T04:04:11.4084106+09:00 pid 83096 phase_h ws_mb 584 peak_mb 4133
2026-10-09T04:04:41.4438844+09:00 pid 83096 phase_h ws_mb 657 peak_mb 4133
2026-10-09T04:05:11.4808474+09:00 pid 83096 phase_h ws_mb 1002 peak_mb 4133
2026-10-09T04:05:41.5158051+09:00 pid 83096 phase_h ws_mb 1262 peak_mb 4133
2026-10-09T04:06:11.5627323+09:00 pid 83096 phase_h ws_mb 1500 peak_mb 4133
2026-10-09T04:06:41.5929003+09:00 pid 83096 phase_h ws_mb 1671 peak_mb 4133
2026-10-09T04:07:11.6221723+09:00 pid 83096 phase_h ws_mb 1834 peak_mb 4133
2026-10-09T04:07:41.6552199+09:00 pid 83096 phase_h ws_mb 1990 peak_mb 4133
2026-10-09T04:08:11.6874581+09:00 pid 83096 phase_h ws_mb 2126 peak_mb 4133
2026-10-09T04:08:41.7214429+09:00 pid 83096 phase_h ws_mb 2257 peak_mb 4133
2026-10-09T04:09:11.7521325+09:00 pid 83096 phase_h ws_mb 2368 peak_mb 4133
2026-10-09T04:09:41.8019890+09:00 pid 83096 phase_h ws_mb 2492 peak_mb 4133
2026-10-09T04:10:11.8296200+09:00 pid 83096 phase_h ws_mb 2626 peak_mb 4133
2026-10-09T04:10:41.8553453+09:00 pid 83096 phase_h ws_mb 2734 peak_mb 4133
2026-10-09T04:11:11.8889138+09:00 pid 83096 phase_h ws_mb 2828 peak_mb 4133
2026-10-09T04:11:41.9161718+09:00 pid 83096 phase_h ws_mb 2937 peak_mb 4133
2026-10-09T04:12:11.9505037+09:00 pid 83096 phase_h ws_mb 3030 peak_mb 4133
2026-10-09T04:12:41.9998414+09:00 pid 83096 phase_h ws_mb 3115 peak_mb 4133
2026-10-09T04:13:12.0379705+09:00 pid 83096 phase_h ws_mb 3203 peak_mb 4133
2026-10-09T04:13:42.0731493+09:00 pid 83096 phase_h ws_mb 3295 peak_mb 4133
2026-10-09T04:14:12.1002248+09:00 pid 83096 phase_h ws_mb 3377 peak_mb 4133
2026-10-09T04:14:42.1301964+09:00 pid 83096 phase_h ws_mb 3428 peak_mb 4133
2026-10-09T04:15:12.1604590+09:00 pid 83096 phase_h ws_mb 3495 peak_mb 4133
2026-10-09T04:15:42.1937597+09:00 pid 83096 phase_h ws_mb 3574 peak_mb 4133
2026-10-09T04:16:12.2373909+09:00 pid 83096 phase_h ws_mb 3647 peak_mb 4133
2026-10-09T04:16:42.2737341+09:00 pid 83096 phase_h ws_mb 3714 peak_mb 4133
2026-10-09T04:17:12.3113409+09:00 pid 83096 phase_h ws_mb 3781 peak_mb 4133
2026-10-09T04:17:42.3391420+09:00 pid 83096 phase_h ws_mb 3867 peak_mb 4133
2026-10-09T04:18:12.3660411+09:00 pid 83096 phase_h ws_mb 3927 peak_mb 4133
2026-10-09T04:18:42.4125744+09:00 pid 83096 phase_h ws_mb 3994 peak_mb 4133
2026-10-09T04:19:12.4485847+09:00 pid 83096 phase_h ws_mb 4056 peak_mb 4133
2026-10-09T04:19:42.4798901+09:00 pid 83096 phase_h ws_mb 4113 peak_mb 4133
2026-10-09T04:20:12.5168811+09:00 pid 83096 phase_h ws_mb 4169 peak_mb 4169
2026-10-09T04:20:42.5407380+09:00 pid 83096 phase_h ws_mb 4221 peak_mb 4221
2026-10-09T04:21:12.5813243+09:00 pid 83096 phase_h ws_mb 4271 peak_mb 4271
2026-10-09T04:21:42.6174500+09:00 pid 83096 phase_h ws_mb 4326 peak_mb 4326
2026-10-09T04:22:12.6563827+09:00 pid 83096 phase_h ws_mb 4369 peak_mb 4369
2026-10-09T04:22:42.7091343+09:00 pid 83096 phase_h ws_mb 4317 peak_mb 4380
2026-10-09T04:23:12.7415222+09:00 pid 83096 phase_h ws_mb 4363 peak_mb 4380
2026-10-09T04:23:42.7756056+09:00 pid 83096 phase_h ws_mb 4376 peak_mb 4397
2026-10-09T04:24:12.8191398+09:00 pid 83096 phase_h ws_mb 4425 peak_mb 4425
2026-10-09T04:24:42.8548576+09:00 pid 83096 phase_h ws_mb 4475 peak_mb 4475
2026-10-09T04:25:12.8863872+09:00 pid 83096 phase_h ws_mb 4528 peak_mb 4529
2026-10-09T04:25:42.9142483+09:00 pid 83096 phase_h ws_mb 4567 peak_mb 4567
2026-10-09T04:26:12.9466459+09:00 pid 83096 phase_h ws_mb 4624 peak_mb 4624
2026-10-09T04:26:42.9811118+09:00 pid 83096 phase_h ws_mb 4670 peak_mb 4671
2026-10-09T04:27:13.0188682+09:00 pid 83096 phase_h ws_mb 4717 peak_mb 4717
2026-10-09T04:27:43.0598851+09:00 pid 83096 phase_h ws_mb 4767 peak_mb 4767
2026-10-09T04:28:13.1117025+09:00 pid 83096 phase_h ws_mb 4813 peak_mb 4814
2026-10-09T04:28:43.1430754+09:00 pid 83096 phase_h ws_mb 4861 peak_mb 4861
2026-10-09T04:29:13.1836936+09:00 pid 83096 phase_h ws_mb 4911 peak_mb 4911
2026-10-09T04:29:43.2172098+09:00 pid 83096 phase_h ws_mb 4960 peak_mb 4960
2026-10-09T04:30:13.2476261+09:00 pid 83096 phase_h ws_mb 5014 peak_mb 5014
2026-10-09T04:30:43.2828928+09:00 pid 83096 phase_h ws_mb 5064 peak_mb 5064
2026-10-09T04:31:13.3241357+09:00 pid 83096 phase_h ws_mb 5107 peak_mb 5107
2026-10-09T04:31:43.3789514+09:00 pid 83096 phase_h ws_mb 5156 peak_mb 5157
2026-10-09T04:32:13.4089759+09:00 pid 83096 phase_h ws_mb 5204 peak_mb 5204
2026-10-09T04:32:43.4399894+09:00 pid 3480 phase_h ws_mb 84 peak_mb 84
2026-10-09T04:33:13.4797991+09:00 pid 3480 phase_h ws_mb 115 peak_mb 306
2026-10-09T04:33:43.5078495+09:00 pid 3480 phase_h ws_mb 151 peak_mb 309
2026-10-09T04:34:13.5510359+09:00 pid 3480 phase_h ws_mb 420 peak_mb 420
2026-10-09T04:34:43.5868956+09:00 pid 3480 phase_h ws_mb 555 peak_mb 555
2026-10-09T04:35:13.6178821+09:00 pid 3480 phase_h ws_mb 283 peak_mb 615
2026-10-09T04:35:43.6580440+09:00 pid 3480 phase_h ws_mb 474 peak_mb 615
2026-10-09T04:36:13.6923249+09:00 pid 3480 phase_h ws_mb 603 peak_mb 615
2026-10-09T04:36:43.7292732+09:00 pid 3480 phase_h ws_mb 362 peak_mb 620
2026-10-09T04:37:13.7571149+09:00 pid 3480 phase_h ws_mb 513 peak_mb 620
2026-10-09T04:37:43.7946862+09:00 pid 3480 phase_h ws_mb 538 peak_mb 620
2026-10-09T04:38:13.8423066+09:00 pid 3480 phase_h ws_mb 880 peak_mb 880
2026-10-09T04:38:43.8674652+09:00 pid 3480 phase_h ws_mb 1168 peak_mb 1168
2026-10-09T04:39:13.9072941+09:00 pid 3480 phase_h ws_mb 1384 peak_mb 1385
2026-10-09T04:39:43.9329348+09:00 pid 3480 phase_h ws_mb 1553 peak_mb 1553
2026-10-09T04:40:13.9764047+09:00 pid 3480 phase_h ws_mb 1708 peak_mb 1708
2026-10-09T04:40:44.0055868+09:00 pid 3480 phase_h ws_mb 1830 peak_mb 1831
2026-10-09T04:41:14.0416963+09:00 pid 3480 phase_h ws_mb 1995 peak_mb 1995
2026-10-09T04:41:44.0712029+09:00 pid 3480 phase_h ws_mb 2120 peak_mb 2120
2026-10-09T04:42:14.1074398+09:00 pid 3480 phase_h ws_mb 2242 peak_mb 2242
2026-10-09T04:42:44.1410031+09:00 pid 3480 phase_h ws_mb 2368 peak_mb 2368
2026-10-09T04:43:14.2016958+09:00 pid 3480 phase_h ws_mb 2459 peak_mb 2460
2026-10-09T04:43:44.2268637+09:00 pid 3480 phase_h ws_mb 2556 peak_mb 2556
2026-10-09T04:44:14.2652479+09:00 pid 3480 phase_h ws_mb 2660 peak_mb 2660
2026-10-09T04:44:44.2910587+09:00 pid 3480 phase_h ws_mb 2758 peak_mb 2758
2026-10-09T04:45:14.3273785+09:00 pid 3480 phase_h ws_mb 2852 peak_mb 2852
2026-10-09T04:45:44.3662840+09:00 pid 3480 phase_h ws_mb 2945 peak_mb 2945
2026-10-09T04:46:14.4040750+09:00 pid 3480 phase_h ws_mb 3012 peak_mb 3012
2026-10-09T04:46:44.4488672+09:00 pid 3480 phase_h ws_mb 3082 peak_mb 3082
2026-10-09T04:47:14.4833126+09:00 pid 3480 phase_h ws_mb 3160 peak_mb 3160
2026-10-09T04:47:44.5196406+09:00 pid 3480 phase_h ws_mb 3237 peak_mb 3237
2026-10-09T04:48:14.5500413+09:00 pid 3480 phase_h ws_mb 3310 peak_mb 3310
2026-10-09T04:48:44.5854175+09:00 pid 3480 phase_h ws_mb 3382 peak_mb 3382
2026-10-09T04:49:14.6279817+09:00 pid 3480 phase_h ws_mb 3471 peak_mb 3471
2026-10-09T04:49:44.6651669+09:00 pid 3480 phase_h ws_mb 3532 peak_mb 3532
2026-10-09T04:50:14.7024015+09:00 pid 3480 phase_h ws_mb 3602 peak_mb 3602
2026-10-09T04:50:44.7330571+09:00 pid 3480 phase_h ws_mb 3659 peak_mb 3823
2026-10-09T04:51:14.7663900+09:00 pid 3480 phase_h ws_mb 3726 peak_mb 3823
2026-10-09T04:51:44.8133929+09:00 pid 3480 phase_h ws_mb 3223 peak_mb 3823
2026-10-09T04:52:14.8404397+09:00 pid 3480 phase_h ws_mb 3307 peak_mb 3823
2026-10-09T04:52:44.8763432+09:00 pid 3480 phase_h ws_mb 3387 peak_mb 3823
2026-10-09T04:53:14.9130778+09:00 pid 3480 phase_h ws_mb 3467 peak_mb 3823
2026-10-09T04:53:44.9558994+09:00 pid 3480 phase_h ws_mb 3556 peak_mb 3823
2026-10-09T04:54:14.9833167+09:00 pid 3480 phase_h ws_mb 3642 peak_mb 3823
2026-10-09T04:54:45.0147666+09:00 pid 3480 phase_h ws_mb 3727 peak_mb 3823
2026-10-09T04:55:15.0518981+09:00 pid 3480 phase_h ws_mb 3801 peak_mb 3823
2026-10-09T04:55:45.0880752+09:00 pid 3480 phase_h ws_mb 3876 peak_mb 3876
2026-10-09T04:56:15.1164446+09:00 pid 3480 phase_h ws_mb 3941 peak_mb 3941
2026-10-09T04:56:45.1533032+09:00 pid 3480 phase_h ws_mb 4004 peak_mb 4004
2026-10-09T04:57:15.1873791+09:00 pid 3480 phase_h ws_mb 4061 peak_mb 4061
2026-10-09T04:57:45.2411874+09:00 pid 3480 phase_h ws_mb 4122 peak_mb 4122
2026-10-09T04:58:15.2779440+09:00 pid 3480 phase_h ws_mb 4184 peak_mb 4184
2026-10-09T04:58:45.3202251+09:00 pid 3480 phase_h ws_mb 4247 peak_mb 4247
2026-10-09T04:59:15.3465721+09:00 pid 3480 phase_h ws_mb 4303 peak_mb 4303
2026-10-09T04:59:45.3794494+09:00 pid 3480 phase_h ws_mb 4362 peak_mb 4362
2026-10-09T05:00:15.4121570+09:00 pid 3480 phase_h ws_mb 4426 peak_mb 4426
2026-10-09T05:00:45.4473582+09:00 pid 3480 phase_h ws_mb 4484 peak_mb 4484
2026-10-09T05:01:15.4918962+09:00 pid 3480 phase_h ws_mb 4538 peak_mb 4539
2026-10-09T05:01:45.5261798+09:00 pid 3480 phase_h ws_mb 4597 peak_mb 4597
2026-10-09T05:02:15.5645158+09:00 pid 3480 phase_h ws_mb 4651 peak_mb 4651
2026-10-09T05:02:45.6035782+09:00 pid 3480 phase_h ws_mb 4706 peak_mb 4706
2026-10-09T05:03:15.6372648+09:00 pid 3480 phase_h ws_mb 357 peak_mb 4858
2026-10-09T05:03:45.6596604+09:00 pid 3480 phase_h ws_mb 512 peak_mb 4858
2026-10-09T05:04:15.7128115+09:00 pid 3480 phase_h ws_mb 368 peak_mb 4858
2026-10-09T05:04:45.7437398+09:00 pid 3480 phase_h ws_mb 517 peak_mb 4858
2026-10-09T05:05:15.7829560+09:00 pid 3480 phase_h ws_mb 311 peak_mb 4858
2026-10-09T05:05:45.8278861+09:00 pid 3480 phase_h ws_mb 238 peak_mb 4858
2026-10-09T05:06:15.8622794+09:00 pid 3480 phase_h ws_mb 115 peak_mb 4858
2026-10-09T05:06:45.8871248+09:00 pid 3480 phase_h ws_mb 418 peak_mb 4858
2026-10-09T05:07:15.9203990+09:00 pid 3480 phase_h ws_mb 547 peak_mb 4858
2026-10-09T05:07:45.9463207+09:00 pid 3480 phase_h ws_mb 669 peak_mb 4858
2026-10-09T05:08:15.9818736+09:00 pid 3480 phase_h ws_mb 968 peak_mb 4858
2026-10-09T05:08:46.0189706+09:00 pid 3480 phase_h ws_mb 1187 peak_mb 4858
2026-10-09T05:09:16.0468221+09:00 pid 3480 phase_h ws_mb 1393 peak_mb 4858
2026-10-09T05:09:46.0743657+09:00 pid 3480 phase_h ws_mb 1567 peak_mb 4858
2026-10-09T05:10:16.1111713+09:00 pid 3480 phase_h ws_mb 1719 peak_mb 4858
2026-10-09T05:10:46.1485910+09:00 pid 3480 phase_h ws_mb 1856 peak_mb 4858
2026-10-09T05:11:16.2006548+09:00 pid 3480 phase_h ws_mb 1980 peak_mb 4858
2026-10-09T05:11:46.2325901+09:00 pid 3480 phase_h ws_mb 2090 peak_mb 4858
2026-10-09T05:12:16.2739600+09:00 pid 3480 phase_h ws_mb 2191 peak_mb 4858
2026-10-09T05:12:46.3044991+09:00 pid 3480 phase_h ws_mb 2290 peak_mb 4858
2026-10-09T05:13:16.3301401+09:00 pid 3480 phase_h ws_mb 2370 peak_mb 4858
2026-10-09T05:13:46.3641713+09:00 pid 3480 phase_h ws_mb 2440 peak_mb 4858
2026-10-09T05:14:16.3910695+09:00 pid 3480 phase_h ws_mb 2521 peak_mb 4858
2026-10-09T05:14:46.4293099+09:00 pid 3480 phase_h ws_mb 2609 peak_mb 4858
2026-10-09T05:15:16.4714527+09:00 pid 3480 phase_h ws_mb 2702 peak_mb 4858
2026-10-09T05:15:46.5131016+09:00 pid 3480 phase_h ws_mb 2806 peak_mb 4858
2026-10-09T05:16:16.5428105+09:00 pid 3480 phase_h ws_mb 2891 peak_mb 4858
2026-10-09T05:16:46.5819636+09:00 pid 3480 phase_h ws_mb 2968 peak_mb 4858
2026-10-09T05:17:16.6138238+09:00 pid 3480 phase_h ws_mb 3051 peak_mb 4858
2026-10-09T05:17:46.6599034+09:00 pid 3480 phase_h ws_mb 3128 peak_mb 4858
2026-10-09T05:18:16.6938743+09:00 pid 3480 phase_h ws_mb 3197 peak_mb 4858
2026-10-09T05:18:46.7259705+09:00 pid 3480 phase_h ws_mb 3270 peak_mb 4858
2026-10-09T05:19:16.7678405+09:00 pid 3480 phase_h ws_mb 3343 peak_mb 4858
2026-10-09T05:19:46.8074647+09:00 pid 3480 phase_h ws_mb 3396 peak_mb 4858
2026-10-09T05:20:16.8382116+09:00 pid 3480 phase_h ws_mb 3466 peak_mb 4858
2026-10-09T05:20:46.8785464+09:00 pid 3480 phase_h ws_mb 3531 peak_mb 4858
2026-10-09T05:21:16.9117089+09:00 pid 3480 phase_h ws_mb 3595 peak_mb 4858
2026-10-09T05:21:46.9499563+09:00 pid 3480 phase_h ws_mb 3657 peak_mb 4858
2026-10-09T05:22:16.9842480+09:00 pid 3480 phase_h ws_mb 3720 peak_mb 4858
2026-10-09T05:22:47.0229621+09:00 pid 3480 phase_h ws_mb 3754 peak_mb 4858
2026-10-09T05:23:17.1114125+09:00 pid 3480 phase_h ws_mb 3072 peak_mb 4858
2026-10-09T05:23:47.1476837+09:00 pid 3480 phase_h ws_mb 3304 peak_mb 4858
2026-10-09T05:24:17.1799381+09:00 pid 3480 phase_h ws_mb 321 peak_mb 4858
2026-10-09T05:24:47.2203451+09:00 pid 3480 phase_h ws_mb 314 peak_mb 4858
2026-10-09T05:25:17.2502518+09:00 pid 3480 phase_h ws_mb 335 peak_mb 4858
2026-10-09T05:25:47.2987890+09:00 pid 3480 phase_h ws_mb 488 peak_mb 4858
2026-10-09T05:26:17.3383539+09:00 pid 3480 phase_h ws_mb 226 peak_mb 4858
2026-10-09T05:26:47.3659195+09:00 pid 3480 phase_h ws_mb 418 peak_mb 4858
2026-10-09T05:27:17.3971084+09:00 pid 3480 phase_h ws_mb 551 peak_mb 4858
2026-10-09T05:27:47.4240176+09:00 pid 3480 phase_h ws_mb 363 peak_mb 4858
2026-10-09T05:28:17.4738638+09:00 pid 3480 phase_h ws_mb 522 peak_mb 4858
2026-10-09T05:28:47.5020423+09:00 pid 3480 phase_h ws_mb 545 peak_mb 4858
2026-10-09T05:29:17.5370022+09:00 pid 3480 phase_h ws_mb 913 peak_mb 4858
2026-10-09T05:29:47.5659113+09:00 pid 3480 phase_h ws_mb 1177 peak_mb 4858
2026-10-09T05:30:17.6035117+09:00 pid 3480 phase_h ws_mb 1378 peak_mb 4858
2026-10-09T05:30:47.6536812+09:00 pid 3480 phase_h ws_mb 1550 peak_mb 4858
2026-10-09T05:31:17.6798526+09:00 pid 3480 phase_h ws_mb 1680 peak_mb 4858
2026-10-09T05:31:47.7034417+09:00 pid 3480 phase_h ws_mb 1819 peak_mb 4858
2026-10-09T05:32:17.7413155+09:00 pid 3480 phase_h ws_mb 1968 peak_mb 4858
2026-10-09T05:32:47.7683060+09:00 pid 3480 phase_h ws_mb 2107 peak_mb 4858
2026-10-09T05:33:17.8167415+09:00 pid 3480 phase_h ws_mb 2224 peak_mb 4858
2026-10-09T05:33:47.8478509+09:00 pid 3480 phase_h ws_mb 2321 peak_mb 4858
2026-10-09T05:34:17.8835372+09:00 pid 3480 phase_h ws_mb 2410 peak_mb 4858
2026-10-09T05:34:47.9132013+09:00 pid 3480 phase_h ws_mb 2502 peak_mb 4858
2026-10-09T05:35:17.9393440+09:00 pid 3480 phase_h ws_mb 2606 peak_mb 4858
2026-10-09T05:35:47.9770345+09:00 pid 3480 phase_h ws_mb 2696 peak_mb 4858
2026-10-09T05:36:18.0123809+09:00 pid 3480 phase_h ws_mb 2793 peak_mb 4858
2026-10-09T05:36:48.0479696+09:00 pid 3480 phase_h ws_mb 2870 peak_mb 4858
2026-10-09T05:37:18.0891055+09:00 pid 3480 phase_h ws_mb 2947 peak_mb 4858
2026-10-09T05:37:48.1214371+09:00 pid 3480 phase_h ws_mb 3030 peak_mb 4858
2026-10-09T05:38:18.1562504+09:00 pid 3480 phase_h ws_mb 3113 peak_mb 4858
2026-10-09T05:38:48.1908519+09:00 pid 3480 phase_h ws_mb 3217 peak_mb 4858
2026-10-09T05:39:18.2205449+09:00 pid 3480 phase_h ws_mb 3286 peak_mb 4858
2026-10-09T05:39:48.2914283+09:00 pid 3480 phase_h ws_mb 3356 peak_mb 4858
2026-10-09T05:40:18.3164795+09:00 pid 3480 phase_h ws_mb 3420 peak_mb 4858
2026-10-09T05:40:48.3442698+09:00 pid 3480 phase_h ws_mb 3485 peak_mb 4858
2026-10-09T05:41:18.3813319+09:00 pid 3480 phase_h ws_mb 3542 peak_mb 4858
2026-10-09T05:41:48.4173866+09:00 pid 3480 phase_h ws_mb 3603 peak_mb 4858
2026-10-09T05:42:18.4637314+09:00 pid 3480 phase_h ws_mb 3663 peak_mb 4858
2026-10-09T05:42:48.5057101+09:00 pid 3480 phase_h ws_mb 2757 peak_mb 4858
2026-10-09T05:43:18.5490280+09:00 pid 3480 phase_h ws_mb 2785 peak_mb 4858
2026-10-09T05:43:48.5847819+09:00 pid 3480 phase_h ws_mb 2924 peak_mb 4858
2026-10-09T05:44:18.6194049+09:00 pid 3480 phase_h ws_mb 3046 peak_mb 4858
2026-10-09T05:44:48.6475441+09:00 pid 3480 phase_h ws_mb 3146 peak_mb 4858
2026-10-09T05:45:18.6818294+09:00 pid 3480 phase_h ws_mb 3241 peak_mb 4858
2026-10-09T05:45:48.7344619+09:00 pid 15504 phase_h ws_mb 279 peak_mb 279
2026-10-09T05:46:18.7699392+09:00 pid 15504 phase_h ws_mb 274 peak_mb 324
2026-10-09T05:46:48.7995930+09:00 pid 15504 phase_h ws_mb 280 peak_mb 326
2026-10-09T05:47:18.8318037+09:00 pid 15504 phase_h ws_mb 216 peak_mb 376
2026-10-09T05:47:48.8636540+09:00 pid 15504 phase_h ws_mb 91 peak_mb 376
2026-10-09T05:48:18.9088663+09:00 pid 15504 phase_h ws_mb 404 peak_mb 404
2026-10-09T05:48:48.9450681+09:00 pid 15504 phase_h ws_mb 531 peak_mb 531
2026-10-09T05:49:18.9742419+09:00 pid 15504 phase_h ws_mb 561 peak_mb 561
2026-10-09T05:49:49.0188471+09:00 pid 15504 phase_h ws_mb 596 peak_mb 597
2026-10-09T05:50:19.0616914+09:00 pid 15504 phase_h ws_mb 626 peak_mb 626
2026-10-09T05:50:49.1078993+09:00 pid 15504 phase_h ws_mb 653 peak_mb 653
2026-10-09T05:51:19.1387626+09:00 pid 15504 phase_h ws_mb 683 peak_mb 683
2026-10-09T05:51:49.1615839+09:00 pid 15504 phase_h ws_mb 715 peak_mb 715
2026-10-09T05:52:19.1892134+09:00 pid 15504 phase_h ws_mb 747 peak_mb 748
2026-10-09T05:52:49.2211550+09:00 pid 15504 phase_h ws_mb 775 peak_mb 776
2026-10-09T05:53:19.2731682+09:00 pid 15504 phase_h ws_mb 804 peak_mb 804
2026-10-09T05:53:49.3092950+09:00 pid 15504 phase_h ws_mb 833 peak_mb 834
2026-10-09T05:54:19.3487212+09:00 pid 15504 phase_h ws_mb 859 peak_mb 860
2026-10-09T05:54:49.3905166+09:00 pid 15504 phase_h ws_mb 295 peak_mb 880
2026-10-09T05:55:19.4249451+09:00 pid 15504 phase_h ws_mb 763 peak_mb 880
2026-10-09T05:55:49.4563334+09:00 pid 15504 phase_h ws_mb 1067 peak_mb 1108
2026-10-09T05:56:19.4992924+09:00 pid 15504 phase_h ws_mb 1310 peak_mb 1310
2026-10-09T05:56:49.5348195+09:00 pid 15504 phase_h ws_mb 1524 peak_mb 1524
2026-10-09T05:57:19.5597608+09:00 pid 15504 phase_h ws_mb 1690 peak_mb 1690
2026-10-09T05:57:49.5952720+09:00 pid 15504 phase_h ws_mb 1848 peak_mb 1848
2026-10-09T05:58:19.6321916+09:00 pid 15504 phase_h ws_mb 2012 peak_mb 2012
2026-10-09T05:58:49.6810564+09:00 pid 15504 phase_h ws_mb 2137 peak_mb 2138
2026-10-09T05:59:19.7094414+09:00 pid 15504 phase_h ws_mb 2253 peak_mb 2253
2026-10-09T05:59:49.7497126+09:00 pid 15504 phase_h ws_mb 2363 peak_mb 2363
2026-10-09T06:00:19.7762146+09:00 pid 15504 phase_h ws_mb 2489 peak_mb 2489
2026-10-09T06:00:49.8115887+09:00 pid 15504 phase_h ws_mb 2600 peak_mb 2600
2026-10-09T06:01:19.8669654+09:00 pid 15504 phase_h ws_mb 2694 peak_mb 2694
2026-10-09T06:01:49.8965899+09:00 pid 15504 phase_h ws_mb 2788 peak_mb 2789
2026-10-09T06:02:19.9256015+09:00 pid 15504 phase_h ws_mb 2869 peak_mb 2869
2026-10-09T06:02:49.9596214+09:00 pid 15504 phase_h ws_mb 2975 peak_mb 2975
2026-10-09T06:03:19.9902547+09:00 pid 15504 phase_h ws_mb 3058 peak_mb 3058
2026-10-09T06:03:50.0300662+09:00 pid 15504 phase_h ws_mb 3148 peak_mb 3148
2026-10-09T06:04:20.0693406+09:00 pid 15504 phase_h ws_mb 3235 peak_mb 3235
2026-10-09T06:04:50.1100954+09:00 pid 15504 phase_h ws_mb 3330 peak_mb 3330
2026-10-09T06:05:20.1783884+09:00 pid 15504 phase_h ws_mb 3403 peak_mb 3403
2026-10-09T06:05:50.2415569+09:00 pid 15504 phase_h ws_mb 2496 peak_mb 3408
2026-10-09T06:06:20.2886582+09:00 pid 15504 phase_h ws_mb 2622 peak_mb 3408
2026-10-09T06:06:50.3253682+09:00 pid 15504 phase_h ws_mb 2832 peak_mb 3408
2026-10-09T06:07:20.3573889+09:00 pid 15504 phase_h ws_mb 2935 peak_mb 3408
2026-10-09T06:07:50.3967706+09:00 pid 15504 phase_h ws_mb 3028 peak_mb 3408
2026-10-09T06:08:20.4292120+09:00 pid 15504 phase_h ws_mb 3126 peak_mb 3408
2026-10-09T06:08:50.4688012+09:00 pid 15504 phase_h ws_mb 3217 peak_mb 3408
2026-10-09T06:09:20.5042231+09:00 pid 15504 phase_h ws_mb 3299 peak_mb 3408
2026-10-09T06:09:50.5368505+09:00 pid 15504 phase_h ws_mb 3386 peak_mb 3408
2026-10-09T06:10:20.5923853+09:00 pid 15504 phase_h ws_mb 3474 peak_mb 3474
2026-10-09T06:10:50.6311091+09:00 pid 15504 phase_h ws_mb 3563 peak_mb 3564
2026-10-09T06:11:20.6643452+09:00 pid 15504 phase_h ws_mb 3655 peak_mb 3655
2026-10-09T06:11:50.7021253+09:00 pid 15504 phase_h ws_mb 3736 peak_mb 3736
2026-10-09T06:12:20.7345075+09:00 pid 15504 phase_h ws_mb 259 peak_mb 3999
2026-10-09T06:12:50.7924042+09:00 pid 15504 phase_h ws_mb 258 peak_mb 3999
2026-10-09T06:13:20.8391791+09:00 pid 15504 phase_h ws_mb 277 peak_mb 3999
2026-10-09T06:13:50.8784180+09:00 pid 15504 phase_h ws_mb 449 peak_mb 3999
2026-10-09T06:14:20.9151274+09:00 pid 15504 phase_h ws_mb 623 peak_mb 3999
2026-10-09T06:14:50.9531559+09:00 pid 15504 phase_h ws_mb 358 peak_mb 3999
2026-10-09T06:15:21.0008697+09:00 pid 15504 phase_h ws_mb 509 peak_mb 3999
2026-10-09T06:15:51.0326219+09:00 pid 15504 phase_h ws_mb 223 peak_mb 3999
2026-10-09T06:16:21.0658959+09:00 pid 15504 phase_h ws_mb 456 peak_mb 3999
2026-10-09T06:16:51.0963926+09:00 pid 15504 phase_h ws_mb 170 peak_mb 3999
2026-10-09T06:17:21.1373907+09:00 pid 15504 phase_h ws_mb 745 peak_mb 3999
2026-10-09T06:17:51.1830879+09:00 pid 15504 phase_h ws_mb 1046 peak_mb 3999
2026-10-09T06:18:21.2238219+09:00 pid 15504 phase_h ws_mb 1331 peak_mb 3999
2026-10-09T06:18:51.2571222+09:00 pid 15504 phase_h ws_mb 1545 peak_mb 3999
2026-10-09T06:19:21.2813164+09:00 pid 15504 phase_h ws_mb 1704 peak_mb 3999
2026-10-09T06:19:51.3179912+09:00 pid 15504 phase_h ws_mb 1891 peak_mb 3999
2026-10-09T06:20:21.3451134+09:00 pid 15504 phase_h ws_mb 2036 peak_mb 3999
2026-10-09T06:20:51.3920030+09:00 pid 15504 phase_h ws_mb 2179 peak_mb 3999
2026-10-09T06:21:21.4309583+09:00 pid 15504 phase_h ws_mb 2327 peak_mb 3999
2026-10-09T06:21:51.4639573+09:00 pid 15504 phase_h ws_mb 2444 peak_mb 3999
2026-10-09T06:22:21.4937136+09:00 pid 15504 phase_h ws_mb 2590 peak_mb 3999
2026-10-09T06:22:51.5259745+09:00 pid 15504 phase_h ws_mb 2726 peak_mb 3999
2026-10-09T06:23:21.5855864+09:00 pid 15504 phase_h ws_mb 2815 peak_mb 3999
2026-10-09T06:23:51.6210463+09:00 pid 15504 phase_h ws_mb 2922 peak_mb 3999
2026-10-09T06:24:21.6596941+09:00 pid 15504 phase_h ws_mb 3026 peak_mb 3999
2026-10-09T06:24:51.6952467+09:00 pid 15504 phase_h ws_mb 3122 peak_mb 3999
2026-10-09T06:25:21.7233299+09:00 pid 15504 phase_h ws_mb 3232 peak_mb 3999
2026-10-09T06:25:51.7535971+09:00 pid 15504 phase_h ws_mb 3330 peak_mb 3999
2026-10-09T06:26:21.7859480+09:00 pid 15504 phase_h ws_mb 3391 peak_mb 3999
2026-10-09T06:26:51.8609432+09:00 pid 15504 phase_h ws_mb 2271 peak_mb 3999
2026-10-09T06:27:21.8939613+09:00 pid 15504 phase_h ws_mb 2597 peak_mb 3999
2026-10-09T06:27:51.9272526+09:00 pid 15504 phase_h ws_mb 2895 peak_mb 3999
2026-10-09T06:28:21.9647571+09:00 pid 15504 phase_h ws_mb 2993 peak_mb 3999
2026-10-09T06:28:52.0037076+09:00 pid 15504 phase_h ws_mb 3105 peak_mb 3999
2026-10-09T06:29:22.0397470+09:00 pid 15504 phase_h ws_mb 3208 peak_mb 3999
2026-10-09T06:29:52.0749145+09:00 pid 15504 phase_h ws_mb 3310 peak_mb 3999
2026-10-09T06:30:22.1078636+09:00 pid 15504 phase_h ws_mb 3403 peak_mb 3999
2026-10-09T06:30:52.1386207+09:00 pid 15504 phase_h ws_mb 3752 peak_mb 3999
2026-10-09T06:31:22.1794746+09:00 pid 15504 phase_h ws_mb 3839 peak_mb 3999
2026-10-09T06:31:52.2435922+09:00 pid 15504 phase_h ws_mb 3921 peak_mb 3999
2026-10-09T06:32:22.2778285+09:00 pid 15504 phase_h ws_mb 4010 peak_mb 4010
2026-10-09T06:32:52.3155160+09:00 pid 15504 phase_h ws_mb 4097 peak_mb 4097
2026-10-09T06:33:22.3476737+09:00 pid 15504 phase_h ws_mb 4187 peak_mb 4187
2026-10-09T06:33:52.3869625+09:00 pid 15504 phase_h ws_mb 4266 peak_mb 4266
2026-10-09T06:34:22.4220247+09:00 pid 15504 phase_h ws_mb 4329 peak_mb 4329
2026-10-09T06:34:52.4496270+09:00 pid 15504 phase_h ws_mb 4391 peak_mb 4391
2026-10-09T06:35:22.5111035+09:00 pid 15504 phase_h ws_mb 4452 peak_mb 4452
2026-10-09T06:35:52.5461607+09:00 pid 15504 phase_h ws_mb 4517 peak_mb 4517
2026-10-09T06:36:22.5787600+09:00 pid 15504 phase_h ws_mb 4582 peak_mb 4582
2026-10-09T06:36:52.6122427+09:00 pid 15504 phase_h ws_mb 4641 peak_mb 4641
2026-10-09T06:37:22.6503076+09:00 pid 15504 phase_h ws_mb 4700 peak_mb 4700
2026-10-09T06:37:52.7066071+09:00 pid 15504 phase_h ws_mb 4754 peak_mb 4754
2026-10-09T06:38:22.7436456+09:00 pid 15504 phase_h ws_mb 4808 peak_mb 4808
2026-10-09T06:38:52.7748166+09:00 pid 15504 phase_h ws_mb 4861 peak_mb 4861
2026-10-09T06:39:22.8016019+09:00 pid 15504 phase_h ws_mb 4915 peak_mb 4916
2026-10-09T06:39:52.8381440+09:00 pid 15504 phase_h ws_mb 4964 peak_mb 4965
2026-10-09T06:40:22.8735399+09:00 pid 15504 phase_h ws_mb 5017 peak_mb 5017
2026-10-09T06:40:52.9190687+09:00 pid 15504 phase_h ws_mb 5069 peak_mb 5069
2026-10-09T06:41:22.9586222+09:00 pid 15504 phase_h ws_mb 5116 peak_mb 5117
2026-10-09T06:41:52.9981227+09:00 pid 15504 phase_h ws_mb 5163 peak_mb 5163
2026-10-09T06:42:23.0354769+09:00 pid 15504 phase_h ws_mb 5206 peak_mb 5206
2026-10-09T06:42:53.0756079+09:00 pid 15504 phase_h ws_mb 5250 peak_mb 5250
2026-10-09T06:43:23.1024973+09:00 pid 15504 phase_h ws_mb 5294 peak_mb 5294
2026-10-09T06:43:53.1290368+09:00 pid 15504 phase_h ws_mb 5348 peak_mb 5348
2026-10-09T06:44:23.1707102+09:00 pid 15504 phase_h ws_mb 5398 peak_mb 5398
2026-10-09T06:44:53.2044318+09:00 pid 15504 phase_h ws_mb 5440 peak_mb 5440
2026-10-09T06:45:23.2350529+09:00 pid 15504 phase_h ws_mb 5485 peak_mb 5485
2026-10-09T06:45:53.2779771+09:00 pid 15504 phase_h ws_mb 5551 peak_mb 5551
2026-10-09T06:46:23.3193886+09:00 pid 15504 phase_h ws_mb 312 peak_mb 5553
2026-10-09T06:46:53.3524587+09:00 pid 15504 phase_h ws_mb 305 peak_mb 5553
2026-10-09T06:47:23.3831120+09:00 pid 15504 phase_h ws_mb 292 peak_mb 5553
2026-10-09T06:47:53.4121537+09:00 pid 15504 phase_h ws_mb 230 peak_mb 5553
2026-10-09T06:48:23.4467543+09:00 pid 15504 phase_h ws_mb 395 peak_mb 5553
2026-10-09T06:48:53.4843976+09:00 pid 15504 phase_h ws_mb 393 peak_mb 5553
2026-10-09T06:49:23.5713354+09:00 pid 15504 phase_h ws_mb 443 peak_mb 5553
2026-10-09T06:49:53.7039771+09:00 pid 15504 phase_h ws_mb 246 peak_mb 5553
2026-10-09T06:50:23.7462495+09:00 pid 15504 phase_h ws_mb 734 peak_mb 5553
2026-10-09T06:50:53.7880520+09:00 pid 15504 phase_h ws_mb 1104 peak_mb 5553
2026-10-09T06:51:23.8261154+09:00 pid 15504 phase_h ws_mb 1303 peak_mb 5553
2026-10-09T06:51:53.8676419+09:00 pid 15504 phase_h ws_mb 1531 peak_mb 5553
2026-10-09T06:52:23.9108580+09:00 pid 15504 phase_h ws_mb 1747 peak_mb 5553
2026-10-09T06:52:53.9474827+09:00 pid 15504 phase_h ws_mb 1923 peak_mb 5553
2026-10-09T06:53:23.9850562+09:00 pid 15504 phase_h ws_mb 2065 peak_mb 5553
2026-10-09T06:53:54.0127209+09:00 pid 15504 phase_h ws_mb 2218 peak_mb 5553
2026-10-09T06:54:24.0535009+09:00 pid 15504 phase_h ws_mb 2375 peak_mb 5553
2026-10-09T06:54:54.1138802+09:00 pid 15504 phase_h ws_mb 2519 peak_mb 5553
2026-10-09T06:55:24.1439121+09:00 pid 15504 phase_h ws_mb 2605 peak_mb 5553
2026-10-09T06:55:54.1762411+09:00 pid 15504 phase_h ws_mb 2717 peak_mb 5553
2026-10-09T06:56:24.2024555+09:00 pid 15504 phase_h ws_mb 2834 peak_mb 5553
2026-10-09T06:56:54.2417552+09:00 pid 15504 phase_h ws_mb 2954 peak_mb 5553
2026-10-09T06:57:24.3004458+09:00 pid 15504 phase_h ws_mb 3032 peak_mb 5553
2026-10-09T06:57:54.3346840+09:00 pid 15504 phase_h ws_mb 3129 peak_mb 5553
2026-10-09T06:58:24.3719735+09:00 pid 15504 phase_h ws_mb 3241 peak_mb 5553
2026-10-09T06:58:54.4052597+09:00 pid 15504 phase_h ws_mb 3348 peak_mb 5553
2026-10-09T06:59:24.4428824+09:00 pid 15504 phase_h ws_mb 3449 peak_mb 5553
2026-10-09T06:59:54.4968195+09:00 pid 15504 phase_h ws_mb 3532 peak_mb 5553
2026-10-09T07:00:24.5293196+09:00 pid 15504 phase_h ws_mb 3612 peak_mb 5553
2026-10-09T07:00:54.5608556+09:00 pid 15504 phase_h ws_mb 3705 peak_mb 5553
2026-10-09T07:01:24.5873307+09:00 pid 15504 phase_h ws_mb 3782 peak_mb 5553
2026-10-09T07:01:54.6202726+09:00 pid 15504 phase_h ws_mb 3847 peak_mb 5553
2026-10-09T07:02:24.6488390+09:00 pid 15504 phase_h ws_mb 3926 peak_mb 5553
2026-10-09T07:02:54.6751989+09:00 pid 15504 phase_h ws_mb 4002 peak_mb 5553
2026-10-09T07:03:24.7109596+09:00 pid 15504 phase_h ws_mb 4069 peak_mb 5553
2026-10-09T07:03:54.7413934+09:00 pid 15504 phase_h ws_mb 4135 peak_mb 5553
2026-10-09T07:04:24.7656912+09:00 pid 15504 phase_h ws_mb 4205 peak_mb 5553
2026-10-09T07:04:54.7948371+09:00 pid 15504 phase_h ws_mb 4264 peak_mb 5553
2026-10-09T07:05:24.8307804+09:00 pid 15504 phase_h ws_mb 4317 peak_mb 5553
2026-10-09T07:05:54.8950926+09:00 pid 15504 phase_h ws_mb 4368 peak_mb 5553
2026-10-09T07:06:24.9281792+09:00 pid 15504 phase_h ws_mb 4423 peak_mb 5553
2026-10-09T07:06:54.9613460+09:00 pid 15504 phase_h ws_mb 4475 peak_mb 5553
2026-10-09T07:07:24.9923545+09:00 pid 15504 phase_h ws_mb 4533 peak_mb 5553
2026-10-09T07:07:55.0340389+09:00 pid 15504 phase_h ws_mb 4596 peak_mb 5553
2026-10-09T07:08:25.0743226+09:00 pid 15504 phase_h ws_mb 4647 peak_mb 5553
2026-10-09T07:08:55.1141120+09:00 pid 15504 phase_h ws_mb 4696 peak_mb 5553
2026-10-09T07:09:25.1526295+09:00 pid 15504 phase_h ws_mb 4740 peak_mb 5553
2026-10-09T07:09:55.1794276+09:00 pid 15504 phase_h ws_mb 4795 peak_mb 5553
2026-10-09T07:10:25.2245021+09:00 pid 15504 phase_h ws_mb 4374 peak_mb 5553
2026-10-09T07:10:55.3742470+09:00 pid 15504 phase_h ws_mb 3313 peak_mb 5553
2026-10-09T07:11:25.4649432+09:00 pid 15504 phase_h ws_mb 3311 peak_mb 5553
2026-10-09T07:11:55.4971326+09:00 pid 15504 phase_h ws_mb 3619 peak_mb 5553
2026-10-09T07:12:25.5350075+09:00 pid 15504 phase_h ws_mb 3776 peak_mb 5553
2026-10-09T07:12:55.5941480+09:00 pid 15504 phase_h ws_mb 3878 peak_mb 5553
2026-10-09T07:13:25.6250124+09:00 pid 15504 phase_h ws_mb 3969 peak_mb 5553
2026-10-09T07:13:55.6527414+09:00 pid 15504 phase_h ws_mb 4055 peak_mb 5553
2026-10-09T07:14:25.6771863+09:00 pid 15504 phase_h ws_mb 4126 peak_mb 5553
2026-10-09T07:14:55.7225563+09:00 pid 15504 phase_h ws_mb 4201 peak_mb 5553
2026-10-09T07:15:25.7903553+09:00 pid 15504 phase_h ws_mb 4268 peak_mb 5553
2026-10-09T07:15:55.8299782+09:00 pid 15504 phase_h ws_mb 4340 peak_mb 5553
2026-10-09T07:16:25.8706975+09:00 pid 15504 phase_h ws_mb 4409 peak_mb 5553
2026-10-09T07:16:55.9054226+09:00 pid 15504 phase_h ws_mb 4475 peak_mb 5553
2026-10-09T07:17:25.9461474+09:00 pid 15504 phase_h ws_mb 4540 peak_mb 5553
2026-10-09T07:17:55.9754408+09:00 pid 15504 phase_h ws_mb 4604 peak_mb 5553
2026-10-09T07:18:26.0101266+09:00 pid 15504 phase_h ws_mb 4667 peak_mb 5553
2026-10-09T07:18:56.0448544+09:00 pid 15504 phase_h ws_mb 4728 peak_mb 5553
2026-10-09T07:19:26.0718707+09:00 pid 15504 phase_h ws_mb 4791 peak_mb 5553
2026-10-09T07:19:56.1268037+09:00 pid 15504 phase_h ws_mb 4847 peak_mb 5553
2026-10-09T07:20:26.1583092+09:00 pid 15504 phase_h ws_mb 4904 peak_mb 5553
2026-10-09T07:20:56.2002090+09:00 pid 15504 phase_h ws_mb 4958 peak_mb 5553
2026-10-09T07:21:26.2397020+09:00 pid 15504 phase_h ws_mb 5013 peak_mb 5553
2026-10-09T07:21:56.2736598+09:00 pid 15504 phase_h ws_mb 5075 peak_mb 5553
2026-10-09T07:22:26.3020235+09:00 pid 15504 phase_h ws_mb 5130 peak_mb 5553
2026-10-09T07:22:56.3332486+09:00 pid 15504 phase_h ws_mb 5185 peak_mb 5553
2026-10-09T07:23:26.3832646+09:00 pid 15504 phase_h ws_mb 5228 peak_mb 5553
2026-10-09T07:23:56.4211021+09:00 pid 15504 phase_h ws_mb 5269 peak_mb 5553
2026-10-09T07:24:26.4493089+09:00 pid 15504 phase_h ws_mb 5321 peak_mb 5553
2026-10-09T07:24:56.4829024+09:00 pid 15504 phase_h ws_mb 5363 peak_mb 5553
2026-10-09T07:25:26.5133380+09:00 pid 15504 phase_h ws_mb 5402 peak_mb 5553
2026-10-09T07:25:56.5903219+09:00 pid 15504 phase_h ws_mb 5439 peak_mb 5553
2026-10-09T07:26:26.6199400+09:00 pid 15504 phase_h ws_mb 5486 peak_mb 5553
2026-10-09T07:26:56.6555580+09:00 pid 15504 phase_h ws_mb 5529 peak_mb 5553
2026-10-09T07:27:26.6920363+09:00 pid 15504 phase_h ws_mb 5572 peak_mb 5572
2026-10-09T07:27:56.7327160+09:00 pid 15504 phase_h ws_mb 5611 peak_mb 5612
2026-10-09T07:28:26.7721232+09:00 pid 15504 phase_h ws_mb 5658 peak_mb 5658
2026-10-09T07:28:56.8092013+09:00 pid 15504 phase_h ws_mb 5685 peak_mb 5685
2026-10-09T07:29:26.8387016+09:00 pid 15504 phase_h ws_mb 5726 peak_mb 5726
2026-10-09T07:29:56.8723384+09:00 pid 15504 phase_h ws_mb 5764 peak_mb 5765
2026-10-09T07:30:26.9077630+09:00 pid 15504 phase_h ws_mb 5808 peak_mb 5808
2026-10-09T07:30:56.9450550+09:00 pid 15504 phase_h ws_mb 5431 peak_mb 5815
2026-10-09T07:31:27.0125260+09:00 pid 15504 phase_h ws_mb 5370 peak_mb 5815
2026-10-09T07:31:57.0888094+09:00 pid 15504 phase_h ws_mb 3178 peak_mb 5815
2026-10-09T07:32:27.1718870+09:00 pid 15504 phase_h ws_mb 2437 peak_mb 5815
2026-10-09T07:32:57.2590042+09:00 pid 15504 phase_h ws_mb 3735 peak_mb 5815
2026-10-09T07:33:27.2890270+09:00 pid 15504 phase_h ws_mb 4139 peak_mb 5815
2026-10-09T07:33:57.3178326+09:00 pid 15504 phase_h ws_mb 4413 peak_mb 5815
2026-10-09T07:34:27.3615715+09:00 pid 15504 phase_h ws_mb 4694 peak_mb 5815
2026-10-09T07:34:57.3939394+09:00 pid 15504 phase_h ws_mb 4774 peak_mb 5815
2026-10-09T07:35:27.4286790+09:00 pid 15504 phase_h ws_mb 4852 peak_mb 5815
2026-10-09T07:35:57.4597420+09:00 pid 15504 phase_h ws_mb 4921 peak_mb 5815
2026-10-09T07:36:27.4854012+09:00 pid 15504 phase_h ws_mb 4982 peak_mb 5815
2026-10-09T07:36:57.5290356+09:00 pid 45068 phase_h ws_mb 187 peak_mb 187
2026-10-09T07:37:27.5529255+09:00 pid 45068 phase_h ws_mb 193 peak_mb 308
2026-10-09T07:37:57.5813890+09:00 pid 45068 phase_h ws_mb 206 peak_mb 309
2026-10-09T07:38:27.6093805+09:00 pid 45068 phase_h ws_mb 375 peak_mb 375
2026-10-09T07:38:57.6386486+09:00 pid 45068 phase_h ws_mb 322 peak_mb 378
2026-10-09T07:39:27.6818132+09:00 pid 45068 phase_h ws_mb 311 peak_mb 378
2026-10-09T07:39:57.7106945+09:00 pid 45068 phase_h ws_mb 484 peak_mb 484
2026-10-09T07:40:27.7376449+09:00 pid 45068 phase_h ws_mb 465 peak_mb 526
2026-10-09T07:40:57.7711670+09:00 pid 45068 phase_h ws_mb 820 peak_mb 820
2026-10-09T07:41:27.8022352+09:00 pid 45068 phase_h ws_mb 1061 peak_mb 1144
2026-10-09T07:41:57.8544053+09:00 pid 45068 phase_h ws_mb 1252 peak_mb 1252
2026-10-09T07:42:27.8884913+09:00 pid 45068 phase_h ws_mb 1400 peak_mb 1400
2026-10-09T07:42:57.9241719+09:00 pid 45068 phase_h ws_mb 1528 peak_mb 1528
2026-10-09T07:43:27.9508394+09:00 pid 45068 phase_h ws_mb 1672 peak_mb 1672
2026-10-09T07:43:57.9877274+09:00 pid 45068 phase_h ws_mb 1793 peak_mb 1794
2026-10-09T07:44:28.0238528+09:00 pid 45068 phase_h ws_mb 1897 peak_mb 1897
2026-10-09T07:44:58.0646877+09:00 pid 45068 phase_h ws_mb 2011 peak_mb 2011
2026-10-09T07:45:28.0985990+09:00 pid 45068 phase_h ws_mb 2101 peak_mb 2101
2026-10-09T07:45:58.1377555+09:00 pid 45068 phase_h ws_mb 2204 peak_mb 2204
2026-10-09T07:46:28.1737968+09:00 pid 45068 phase_h ws_mb 2304 peak_mb 2304
2026-10-09T07:46:58.2133760+09:00 pid 45068 phase_h ws_mb 2423 peak_mb 2423
2026-10-09T07:47:28.2485620+09:00 pid 45068 phase_h ws_mb 2528 peak_mb 2528
2026-10-09T07:47:58.2868221+09:00 pid 45068 phase_h ws_mb 2620 peak_mb 2620
2026-10-09T07:48:28.3146949+09:00 pid 45068 phase_h ws_mb 2739 peak_mb 2739
2026-10-09T07:48:58.3403945+09:00 pid 45068 phase_h ws_mb 2831 peak_mb 2831
2026-10-09T07:49:28.3819208+09:00 pid 45068 phase_h ws_mb 2930 peak_mb 2930
2026-10-09T07:49:58.4176709+09:00 pid 45068 phase_h ws_mb 3020 peak_mb 3020
2026-10-09T07:50:28.4562419+09:00 pid 45068 phase_h ws_mb 3095 peak_mb 3095
2026-10-09T07:50:58.4979878+09:00 pid 45068 phase_h ws_mb 3156 peak_mb 3156
2026-10-09T07:51:28.5235609+09:00 pid 45068 phase_h ws_mb 3230 peak_mb 3230
2026-10-09T07:51:58.5610583+09:00 pid 45068 phase_h ws_mb 3293 peak_mb 3294
2026-10-09T07:52:28.5926347+09:00 pid 45068 phase_h ws_mb 3367 peak_mb 3367
2026-10-09T07:52:58.6262081+09:00 pid 45068 phase_h ws_mb 3432 peak_mb 3432
2026-10-09T07:53:28.6620695+09:00 pid 45068 phase_h ws_mb 3519 peak_mb 3519
2026-10-09T07:53:58.6940438+09:00 pid 45068 phase_h ws_mb 3608 peak_mb 3608
2026-10-09T07:54:28.7509465+09:00 pid 45068 phase_h ws_mb 3681 peak_mb 3681
2026-10-09T07:54:58.7786843+09:00 pid 45068 phase_h ws_mb 377 peak_mb 3689
2026-10-09T07:55:28.8241538+09:00 pid 45068 phase_h ws_mb 549 peak_mb 3689
2026-10-09T07:55:58.8616003+09:00 pid 45068 phase_h ws_mb 373 peak_mb 3689
2026-10-09T07:56:28.8898755+09:00 pid 45068 phase_h ws_mb 547 peak_mb 3689
2026-10-09T07:56:58.9273839+09:00 pid 45068 phase_h ws_mb 313 peak_mb 3689
2026-10-09T07:57:28.9590616+09:00 pid 45068 phase_h ws_mb 237 peak_mb 3689
2026-10-09T07:57:59.0166559+09:00 pid 45068 phase_h ws_mb 57 peak_mb 3689
2026-10-09T07:58:29.0599138+09:00 pid 45068 phase_h ws_mb 407 peak_mb 3689
2026-10-09T07:58:59.1003066+09:00 pid 45068 phase_h ws_mb 544 peak_mb 3689
2026-10-09T07:59:29.1338222+09:00 pid 45068 phase_h ws_mb 670 peak_mb 3689
2026-10-09T07:59:59.1705202+09:00 pid 45068 phase_h ws_mb 1000 peak_mb 3689
2026-10-09T08:00:29.2170220+09:00 pid 45068 phase_h ws_mb 1206 peak_mb 3689
2026-10-09T08:00:59.2488645+09:00 pid 45068 phase_h ws_mb 1395 peak_mb 3689
2026-10-09T08:01:29.2754371+09:00 pid 45068 phase_h ws_mb 1541 peak_mb 3689
2026-10-09T08:01:59.3057222+09:00 pid 45068 phase_h ws_mb 1683 peak_mb 3689
2026-10-09T08:02:29.3386297+09:00 pid 45068 phase_h ws_mb 1812 peak_mb 3689
2026-10-09T08:02:59.4339507+09:00 pid 45068 phase_h ws_mb 1912 peak_mb 3689
2026-10-09T08:03:29.6157203+09:00 pid 45068 phase_h ws_mb 1652 peak_mb 3689
2026-10-09T08:03:59.6994344+09:00 pid 45068 phase_h ws_mb 1721 peak_mb 3689
2026-10-09T08:04:29.7463425+09:00 pid 45068 phase_h ws_mb 1801 peak_mb 3689
2026-10-09T08:04:59.7724435+09:00 pid 45068 phase_h ws_mb 1913 peak_mb 3689
2026-10-09T08:05:29.9302446+09:00 pid 45068 phase_h ws_mb 1736 peak_mb 3689
2026-10-09T08:06:00.0091035+09:00 pid 45068 phase_h ws_mb 1808 peak_mb 3689
2026-10-09T08:06:30.0441097+09:00 pid 45068 phase_h ws_mb 1997 peak_mb 3689
2026-10-09T08:07:00.0788325+09:00 pid 45068 phase_h ws_mb 2112 peak_mb 3689
2026-10-09T08:07:30.1080273+09:00 pid 45068 phase_h ws_mb 2216 peak_mb 3689
2026-10-09T08:08:00.1590163+09:00 pid 45068 phase_h ws_mb 2324 peak_mb 3689
2026-10-09T08:08:30.1927427+09:00 pid 45068 phase_h ws_mb 2526 peak_mb 3689
2026-10-09T08:09:00.2237553+09:00 pid 45068 phase_h ws_mb 2621 peak_mb 3689
2026-10-09T08:09:30.2575394+09:00 pid 45068 phase_h ws_mb 2717 peak_mb 3689
2026-10-09T08:10:00.2886986+09:00 pid 45068 phase_h ws_mb 2798 peak_mb 3689
2026-10-09T08:10:30.3366035+09:00 pid 45068 phase_h ws_mb 2887 peak_mb 3689
2026-10-09T08:11:00.3737172+09:00 pid 45068 phase_h ws_mb 2970 peak_mb 3689
2026-10-09T08:11:30.4009292+09:00 pid 45068 phase_h ws_mb 3056 peak_mb 3689
2026-10-09T08:12:00.4441403+09:00 pid 45068 phase_h ws_mb 3135 peak_mb 3689
2026-10-09T08:12:30.4872558+09:00 pid 45068 phase_h ws_mb 3207 peak_mb 3689
2026-10-09T08:13:00.5497376+09:00 pid 45068 phase_h ws_mb 3274 peak_mb 3689
2026-10-09T08:13:30.5800765+09:00 pid 45068 phase_h ws_mb 3338 peak_mb 3689
2026-10-09T08:14:00.6060782+09:00 pid 45068 phase_h ws_mb 3400 peak_mb 3689
2026-10-09T08:14:30.6317631+09:00 pid 45068 phase_h ws_mb 3465 peak_mb 3689
2026-10-09T08:15:00.6575934+09:00 pid 45068 phase_h ws_mb 3525 peak_mb 3689
2026-10-09T08:15:30.6933499+09:00 pid 45068 phase_h ws_mb 3587 peak_mb 3689
2026-10-09T08:16:00.7265438+09:00 pid 45068 phase_h ws_mb 3649 peak_mb 3689
2026-10-09T08:16:30.7564542+09:00 pid 45068 phase_h ws_mb 3714 peak_mb 3714
2026-10-09T08:17:00.7869502+09:00 pid 45068 phase_h ws_mb 100 peak_mb 3781
2026-10-09T08:17:30.8302615+09:00 pid 45068 phase_h ws_mb 49 peak_mb 3781
2026-10-09T08:18:00.8832573+09:00 pid 45068 phase_h ws_mb 352 peak_mb 3781
2026-10-09T08:18:30.9204018+09:00 pid 45068 phase_h ws_mb 356 peak_mb 3781
2026-10-09T08:19:00.9557535+09:00 pid 45068 phase_h ws_mb 288 peak_mb 3781
2026-10-09T08:19:30.9898333+09:00 pid 45068 phase_h ws_mb 253 peak_mb 3781
2026-10-09T08:20:01.0188512+09:00 pid 45068 phase_h ws_mb 528 peak_mb 3781
2026-10-09T08:20:31.0600694+09:00 pid 45068 phase_h ws_mb 697 peak_mb 3781
2026-10-09T08:21:01.1010246+09:00 pid 45068 phase_h ws_mb 826 peak_mb 3781
2026-10-09T08:21:31.1369161+09:00 pid 45068 phase_h ws_mb 904 peak_mb 3781
2026-10-09T08:22:01.1773420+09:00 pid 45068 phase_h ws_mb 932 peak_mb 3781
2026-10-09T08:22:31.2287479+09:00 pid 45068 phase_h ws_mb 958 peak_mb 3781
2026-10-09T08:23:01.2995308+09:00 pid 45068 phase_h ws_mb 979 peak_mb 3781
2026-10-09T08:23:31.3471924+09:00 pid 45068 phase_h ws_mb 1002 peak_mb 3781
2026-10-09T08:24:01.3805044+09:00 pid 45068 phase_h ws_mb 1021 peak_mb 3781
2026-10-09T08:24:31.4189012+09:00 pid 45068 phase_h ws_mb 1041 peak_mb 3781
2026-10-09T08:25:01.4549642+09:00 pid 45068 phase_h ws_mb 1059 peak_mb 3781
2026-10-09T08:25:31.4978662+09:00 pid 45068 phase_h ws_mb 1078 peak_mb 3781
2026-10-09T08:26:01.5671291+09:00 pid 45068 phase_h ws_mb 1093 peak_mb 3781
2026-10-09T08:26:31.6723013+09:00 pid 45068 phase_h ws_mb 1112 peak_mb 3781
2026-10-09T08:27:01.7717808+09:00 pid 45068 phase_h ws_mb 775 peak_mb 3781
2026-10-09T08:27:31.8231443+09:00 pid 45068 phase_h ws_mb 844 peak_mb 3781
2026-10-09T08:28:01.8646464+09:00 pid 45068 phase_h ws_mb 903 peak_mb 3781
2026-10-09T08:28:31.9254208+09:00 pid 45068 phase_h ws_mb 941 peak_mb 3781
2026-10-09T08:29:01.9753734+09:00 pid 45068 phase_h ws_mb 973 peak_mb 3781
2026-10-09T08:29:32.0248975+09:00 pid 45068 phase_h ws_mb 1003 peak_mb 3781
2026-10-09T08:30:02.0769812+09:00 pid 45068 phase_h ws_mb 1030 peak_mb 3781
2026-10-09T08:30:32.1368166+09:00 pid 45068 phase_h ws_mb 1056 peak_mb 3781
2026-10-09T08:31:02.1899300+09:00 pid 45068 phase_h ws_mb 1080 peak_mb 3781
2026-10-09T08:31:32.2275803+09:00 pid 45068 phase_h ws_mb 1102 peak_mb 3781
2026-10-09T08:32:02.2581972+09:00 pid 45068 phase_h ws_mb 1122 peak_mb 3781
2026-10-09T08:32:32.2951749+09:00 pid 45068 phase_h ws_mb 1143 peak_mb 3781
2026-10-09T08:33:02.3423054+09:00 pid 45068 phase_h ws_mb 1161 peak_mb 3781
2026-10-09T08:33:32.3849265+09:00 pid 45068 phase_h ws_mb 1180 peak_mb 3781
2026-10-09T08:34:02.4224224+09:00 pid 45068 phase_h ws_mb 1201 peak_mb 3781
2026-10-09T08:34:32.4589136+09:00 pid 45068 phase_h ws_mb 1222 peak_mb 3781
2026-10-09T08:35:02.4976933+09:00 pid 45068 phase_h ws_mb 1244 peak_mb 3781
2026-10-09T08:35:32.5372192+09:00 pid 45068 phase_h ws_mb 1265 peak_mb 3781
2026-10-09T08:36:02.5929225+09:00 pid 45068 phase_h ws_mb 1284 peak_mb 3781
2026-10-09T08:36:32.6294888+09:00 pid 45068 phase_h ws_mb 511 peak_mb 3781
2026-10-09T08:37:02.6584258+09:00 pid 45068 phase_h ws_mb 799 peak_mb 3781
2026-10-09T08:37:32.7035723+09:00 pid 45068 phase_h ws_mb 996 peak_mb 3781
2026-10-09T08:38:02.7413204+09:00 pid 45068 phase_h ws_mb 1148 peak_mb 3781
2026-10-09T08:38:32.7948391+09:00 pid 45068 phase_h ws_mb 1309 peak_mb 3781
2026-10-09T08:39:02.8466609+09:00 pid 45068 phase_h ws_mb 1432 peak_mb 3781
2026-10-09T08:39:32.8851367+09:00 pid 45068 phase_h ws_mb 1558 peak_mb 3781
2026-10-09T08:40:02.9321589+09:00 pid 45068 phase_h ws_mb 1678 peak_mb 3781
2026-10-09T08:40:33.0185037+09:00 pid 45068 phase_h ws_mb 1784 peak_mb 3781
2026-10-09T08:41:03.0584990+09:00 pid 45068 phase_h ws_mb 1861 peak_mb 3781
2026-10-09T08:41:33.1132597+09:00 pid 45068 phase_h ws_mb 1936 peak_mb 3781
2026-10-09T08:42:03.1690354+09:00 pid 45068 phase_h ws_mb 2015 peak_mb 3781
2026-10-09T08:42:33.2125864+09:00 pid 45068 phase_h ws_mb 2125 peak_mb 3781
2026-10-09T08:43:03.2575186+09:00 pid 45068 phase_h ws_mb 2215 peak_mb 3781
2026-10-09T08:43:33.2948506+09:00 pid 45068 phase_h ws_mb 2300 peak_mb 3781
2026-10-09T08:44:03.3331780+09:00 pid 45068 phase_h ws_mb 2374 peak_mb 3781
2026-10-09T08:44:33.3747024+09:00 pid 45068 phase_h ws_mb 2435 peak_mb 3781
2026-10-09T08:45:03.4051773+09:00 pid 45068 phase_h ws_mb 2492 peak_mb 3781
2026-10-09T08:45:33.4895876+09:00 pid 45068 phase_h ws_mb 2561 peak_mb 3781
2026-10-09T08:46:03.5378860+09:00 pid 45068 phase_h ws_mb 2620 peak_mb 3781
2026-10-09T08:46:33.5892262+09:00 pid 45068 phase_h ws_mb 2688 peak_mb 3781
2026-10-09T08:47:03.6335427+09:00 pid 45068 phase_h ws_mb 2737 peak_mb 3781
2026-10-09T08:47:33.6746368+09:00 pid 45068 phase_h ws_mb 2793 peak_mb 3781
2026-10-09T08:48:03.7081826+09:00 pid 45068 phase_h ws_mb 2849 peak_mb 3781
2026-10-09T08:48:33.7542452+09:00 pid 45068 phase_h ws_mb 2906 peak_mb 3781
2026-10-09T08:49:03.7924396+09:00 pid 45068 phase_h ws_mb 2957 peak_mb 3781
2026-10-09T08:49:33.8640269+09:00 pid 45068 phase_h ws_mb 2175 peak_mb 3781
2026-10-09T08:50:03.9470736+09:00 pid 45068 phase_h ws_mb 2056 peak_mb 3781
2026-10-09T08:50:34.0103503+09:00 pid 45068 phase_h ws_mb 2297 peak_mb 3781
2026-10-09T08:51:04.0510940+09:00 pid 45068 phase_h ws_mb 2407 peak_mb 3781
2026-10-09T08:51:34.1017067+09:00 pid 45068 phase_h ws_mb 2480 peak_mb 3781
2026-10-09T08:52:04.1407938+09:00 pid 45068 phase_h ws_mb 2540 peak_mb 3781
2026-10-09T08:52:34.1934406+09:00 pid 45068 phase_h ws_mb 2613 peak_mb 3781
2026-10-09T08:53:04.2608255+09:00 pid 45068 phase_h ws_mb 2674 peak_mb 3781
2026-10-09T08:53:34.3005299+09:00 pid 45068 phase_h ws_mb 2752 peak_mb 3781
2026-10-09T08:54:04.3466107+09:00 pid 45068 phase_h ws_mb 2820 peak_mb 3781
2026-10-09T08:54:34.3882429+09:00 pid 45068 phase_h ws_mb 2891 peak_mb 3781
2026-10-09T08:55:04.4313060+09:00 pid 45068 phase_h ws_mb 2956 peak_mb 3781
2026-10-09T08:55:34.5015694+09:00 pid 45068 phase_h ws_mb 3018 peak_mb 3781
2026-10-09T08:56:04.5559175+09:00 pid 45068 phase_h ws_mb 3075 peak_mb 3781
2026-10-09T08:56:34.5853879+09:00 pid 45068 phase_h ws_mb 3135 peak_mb 3781
2026-10-09T08:57:04.6203324+09:00 pid 45068 phase_h ws_mb 3197 peak_mb 3781
2026-10-09T08:57:34.6588273+09:00 pid 45068 phase_h ws_mb 3267 peak_mb 3781
2026-10-09T08:58:04.7225399+09:00 pid 45068 phase_h ws_mb 3335 peak_mb 3781
2026-10-09T08:58:34.7635857+09:00 pid 45068 phase_h ws_mb 3396 peak_mb 3781
2026-10-09T08:59:04.8054204+09:00 pid 45068 phase_h ws_mb 3453 peak_mb 3781
# rss_monitor end 2026-10-09T09:09:35.5767243+09:00
